Date,Adj Close,Close,High,Low,Open,Volume
2013-01-02,47.060279846191406,69.77999877929688,70.43000030517578,69.44000244140625,69.88999938964844,2208200
2013-01-03,46.45330810546875,68.87999725341797,69.97000122070312,68.69999694824219,69.91000366210938,1308200
2013-01-04,47.31656265258789,70.16000366210938,70.27999877929688,68.80000305175781,68.83000183105469,2678500
2013-01-07,47.303070068359375,70.13999938964844,70.41999816894531,69.73999786376953,69.87999725341797,1179900
2013-01-08,46.8781852722168,69.51000213623047,70.4000015258789,69.38999938964844,70.01000213623047,1590800
2013-01-09,47.59980010986328,70.58000183105469,70.62999725341797,69.51000213623047,69.87000274658203,1211600
2013-01-10,47.997703552246094,71.16999816894531,71.19999694824219,69.94000244140625,71.12000274658203,1547100
2013-01-11,47.55931854248047,70.5199966430664,71.4800033569336,70.37000274658203,71.25,1021300
2013-01-14,47.545841217041016,70.5,70.73999786376953,70.04000091552734,70.4000015258789,877700
2013-01-15,47.33003616333008,70.18000030517578,70.41999816894531,69.79000091552734,70.05000305175781,1230600
2013-01-16,47.20864486694336,70.0,70.08999633789062,69.56999969482422,69.88999938964844,712600
2013-01-17,48.23373794555664,71.5199966430664,72.01000213623047,70.44999694824219,70.48999786376953,1501400
2013-01-18,48.03140640258789,71.22000122070312,72.11000061035156,70.81999969482422,72.11000061035156,1200800
2013-01-22,48.19329071044922,71.45999908447266,71.83000183105469,71.11000061035156,71.3499984741211,894500
2013-01-23,47.849334716796875,70.94999694824219,71.58999633789062,70.47000122070312,71.30000305175781,1413000
2013-01-24,48.044918060302734,71.23999786376953,72.0199966430664,70.88999938964844,71.16999816894531,920300
2013-01-25,48.49000930786133,71.9000015258789,71.93000030517578,70.83999633789062,71.47000122070312,979300
2013-01-28,48.30792999267578,71.62999725341797,71.93000030517578,70.97000122070312,71.87999725341797,1183600
2013-01-29,48.87443161010742,72.47000122070312,72.52999877929688,71.29000091552734,71.48999786376953,1006300
2013-01-30,48.22701644897461,71.51000213623047,72.72000122070312,71.31999969482422,72.25,1507900
2013-01-31,47.984214782714844,71.1500015258789,72.43000030517578,70.79000091552734,71.0999984741211,2130700
2013-02-01,49.5690803527832,73.5,74.30999755859375,71.0999984741211,72.12999725341797,2824700
2013-02-04,48.88118362426758,72.4800033569336,73.08999633789062,71.77999877929688,72.91999816894531,1676700
2013-02-05,49.15094757080078,72.87999725341797,73.30000305175781,72.55999755859375,73.0199966430664,1423200
2013-02-06,49.07674789428711,72.7699966430664,73.0,72.1500015258789,72.56999969482422,1086600
2013-02-07,48.87443161010742,72.47000122070312,73.02999877929688,71.56999969482422,72.93000030517578,965800
2013-02-08,49.44093704223633,73.30999755859375,73.31999969482422,72.44999694824219,72.51000213623047,911100
2013-02-11,49.99395751953125,74.12999725341797,74.2699966430664,73.16999816894531,73.33999633789062,1033900
2013-02-12,49.859046936035156,73.93000030517578,74.36000061035156,73.37000274658203,74.0999984741211,991200
2013-02-13,50.43230438232422,74.77999877929688,75.18000030517578,74.12999725341797,74.26000213623047,1411700
2013-02-14,49.96023178100586,74.08000183105469,74.55000305175781,73.76000213623047,74.43000030517578,1904100
2013-02-15,49.54209899902344,73.45999908447266,74.70999908447266,73.05000305175781,74.13999938964844,2525800
2013-02-19,49.5218620300293,73.43000030517578,73.97000122070312,73.29000091552734,73.80000305175781,1105700
2013-02-20,47.356998443603516,70.22000122070312,73.41000366210938,70.19999694824219,73.30999755859375,1976600
2013-02-21,46.345394134521484,68.72000122070312,70.20999908447266,67.2699966430664,70.13999938964844,3844400
2013-02-22,48.348388671875,71.69000244140625,71.7300033569336,69.25,69.26000213623047,2124700
2013-02-25,45.85982894897461,68.0,71.77999877929688,67.94000244140625,71.77999877929688,2332400
2013-02-26,46.24422836303711,68.56999969482422,68.93000030517578,67.41000366210938,68.47000122070312,1954700
2013-02-27,47.74142074584961,70.79000091552734,71.33999633789062,68.80000305175781,68.9000015258789,2044500
2013-02-28,47.02655029296875,69.7300033569336,71.22000122070312,69.72000122070312,70.77999877929688,1730400
2013-03-01,47.0130615234375,69.70999908447266,70.0199966430664,68.29000091552734,69.08999633789062,2630000
2013-03-04,47.060279846191406,69.77999877929688,70.02999877929688,68.55000305175781,69.30000305175781,1537100
2013-03-05,47.9639778137207,71.12000274658203,71.4800033569336,70.0199966430664,70.27999877929688,1333900
2013-03-06,48.557456970214844,72.0,72.30999755859375,71.37000274658203,71.6500015258789,1177200
2013-03-07,48.5709342956543,72.0199966430664,72.26000213623047,71.30000305175781,71.87000274658203,1200100
2013-03-08,48.71257400512695,72.2300033569336,73.12999725341797,71.7699966430664,72.58999633789062,1240900
2013-03-11,49.08348083496094,72.77999877929688,72.80000305175781,71.58999633789062,72.19000244140625,818700
2013-03-12,49.33977127075195,73.16000366210938,73.41999816894531,72.3499984741211,72.58999633789062,1033900
2013-03-13,49.24496841430664,72.72000122070312,73.05000305175781,72.18000030517578,73.04000091552734,804300
2013-03-14,49.6038818359375,73.25,73.58000183105469,72.91999816894531,73.22000122070312,739000
2013-03-15,49.16371154785156,72.5999984741211,73.41000366210938,72.52999877929688,72.80999755859375,1230900
2013-03-18,49.3194694519043,72.83000183105469,73.0,71.54000091552734,71.54000091552734,1134800
2013-03-19,49.278812408447266,72.7699966430664,73.55999755859375,71.80000305175781,72.95999908447266,903600
2013-03-20,49.55647277832031,73.18000030517578,73.83000183105469,72.95999908447266,73.20999908447266,661700
2013-03-21,47.728084564208984,70.4800033569336,72.23999786376953,70.45999908447266,72.08999633789062,2770900
2013-03-22,47.47749710083008,70.11000061035156,71.1500015258789,69.5999984741211,70.91000366210938,1772000
2013-03-25,46.71905517578125,68.98999786376953,70.66999816894531,68.87999725341797,70.55000305175781,1423800
2013-03-26,46.881587982177734,69.2300033569336,69.94000244140625,68.93000030517578,69.47000122070312,1466900
2013-03-27,46.77324676513672,69.06999969482422,69.33000183105469,67.7699966430664,68.8499984741211,1962500
2013-03-28,47.31499099731445,69.87000274658203,70.4800033569336,69.12000274658203,69.2300033569336,1325100
2013-04-01,46.82064437866211,69.13999938964844,69.91000366210938,68.97000122070312,69.7300033569336,1164800
2013-04-02,46.18410110473633,68.19999694824219,69.41999816894531,68.02999877929688,69.4000015258789,1570100
2013-04-03,45.012550354003906,66.47000122070312,68.48999786376953,66.11000061035156,68.29000091552734,2513200
2013-04-04,45.72359085083008,67.5199966430664,67.8499984741211,66.55999755859375,66.63999938964844,1688600
2013-04-05,46.143463134765625,68.13999938964844,68.25,65.70999908447266,66.2699966430664,1905100
2013-04-08,45.953853607177734,67.86000061035156,68.22000122070312,67.12000274658203,68.18000030517578,1520600
2013-04-09,46.42110061645508,68.55000305175781,68.83999633789062,67.61000061035156,67.97000122070312,1421400
2013-04-10,45.980934143066406,67.9000015258789,68.75,67.38999938964844,68.66999816894531,1669600
2013-04-11,46.24502944946289,68.29000091552734,69.23999786376953,67.63999938964844,68.0999984741211,1031500
2013-04-12,46.04866027832031,68.0,68.02999877929688,66.73999786376953,67.80000305175781,881600
2013-04-15,44.41663360595703,65.58999633789062,68.1500015258789,65.44000244140625,68.0,2059500
2013-04-16,45.96062469482422,67.87000274658203,68.0,66.25,66.51000213623047,1541800
2013-04-17,45.35114669799805,66.97000122070312,67.13999938964844,66.33000183105469,66.97000122070312,1320900
2013-04-18,44.93129348754883,66.3499984741211,67.5199966430664,65.55999755859375,67.13999938964844,1926000
2013-04-19,47.2675895690918,69.80000305175781,70.8499984741211,67.36000061035156,67.36000061035156,3426600
2013-04-22,46.942535400390625,69.31999969482422,70.01000213623047,68.2699966430664,69.87999725341797,1571900
2013-04-23,47.80933380126953,70.5999984741211,70.66999816894531,69.29000091552734,69.4800033569336,1267600
2013-04-24,48.65583038330078,71.8499984741211,71.95999908447266,70.5999984741211,70.87999725341797,1849300
2013-04-25,49.19755935668945,72.6500015258789,73.6500015258789,72.25,72.5999984741211,2635000
2013-04-26,46.70552062988281,68.97000122070312,73.0,68.62000274658203,72.16999816894531,2655100
2013-04-29,46.23147964477539,68.2699966430664,68.51000213623047,66.79000091552734,68.51000213623047,2263400
2013-04-30,45.13445281982422,66.6500015258789,68.26000213623047,66.62999725341797,68.11000061035156,2372600
2013-05-01,43.38054275512695,64.05999755859375,66.26000213623047,63.47999954223633,66.22000122070312,4598100
2013-05-02,44.714595794677734,66.02999877929688,66.29000091552734,64.12000274658203,64.12000274658203,2723300
2013-05-03,45.97414779663086,67.88999938964844,68.88999938964844,67.22000122070312,67.29000091552734,1967600
2013-05-06,46.400779724121094,68.5199966430664,68.66999816894531,67.45999908447266,68.01000213623047,1065000
2013-05-07,46.88835906982422,69.23999786376953,69.52999877929688,68.41999816894531,68.97000122070312,1111600
2013-05-08,46.45496368408203,68.5999984741211,69.41999816894531,68.0999984741211,69.16000366210938,1174500
2013-05-09,45.26311111450195,66.83999633789062,68.69000244140625,66.76000213623047,68.6500015258789,2168300
2013-05-10,45.53396987915039,67.23999786376953,67.38999938964844,66.61000061035156,66.88999938964844,1488500
2013-05-13,45.07349395751953,66.55999755859375,67.33000183105469,66.0999984741211,66.91999816894531,1248200
2013-05-14,45.669429779052734,67.44000244140625,67.52999877929688,66.5,66.51000213623047,1151000
2013-05-15,47.965091705322266,70.83000183105469,70.83999633789062,67.19000244140625,67.33999633789062,3457500
2013-05-16,48.35108184814453,71.4000015258789,72.1500015258789,70.56999969482422,70.56999969482422,3176000
2013-05-17,50.07789611816406,73.94999694824219,73.95999908447266,71.80999755859375,72.05000305175781,2786100
2013-05-20,49.68513488769531,73.37000274658203,73.98999786376953,73.12000274658203,73.63999938964844,1645100
2013-05-21,49.536163330078125,73.1500015258789,73.69999694824219,73.01000213623047,73.36000061035156,1247700
2013-05-22,49.05536651611328,72.44000244140625,74.62000274658203,71.86000061035156,72.83999633789062,1496300
2013-05-23,48.831878662109375,72.11000061035156,72.80999755859375,70.69999694824219,71.55999755859375,1044800
2013-05-24,48.68967819213867,71.9000015258789,72.19000244140625,70.88999938964844,71.37999725341797,824100
2013-05-28,48.67613983154297,71.87999725341797,73.3499984741211,71.6500015258789,72.9800033569336,1093500
2013-05-29,48.68288040161133,71.88999938964844,72.13999938964844,71.12000274658203,71.37999725341797,952600
2013-05-30,48.70320510864258,71.91999816894531,72.44000244140625,71.44000244140625,72.0,919000
2013-05-31,48.567787170410156,71.72000122070312,73.47000122070312,71.44000244140625,71.72000122070312,1278400
2013-06-03,48.98764419555664,72.33999633789062,72.63999938964844,70.97000122070312,71.91000366210938,1086200
2013-06-04,48.15470504760742,71.11000061035156,73.55999755859375,70.79000091552734,72.1500015258789,1733600
2013-06-05,46.67844009399414,68.93000030517578,70.86000061035156,68.69999694824219,70.77999877929688,1856000
2013-06-06,47.1524658203125,69.62999725341797,69.63999938964844,68.11000061035156,68.62999725341797,1546500
2013-06-07,47.68742752075195,70.41999816894531,71.0199966430664,69.23999786376953,69.95999908447266,1171900
2013-06-10,47.77546691894531,70.55000305175781,71.06999969482422,70.16999816894531,70.69000244140625,839900
2013-06-11,46.996707916259766,69.4000015258789,69.91999816894531,69.12999725341797,69.43000030517578,1216000
2013-06-12,46.73826599121094,68.72000122070312,69.9800033569336,68.55999755859375,69.95999908447266,948100
2013-06-13,48.53377914428711,71.36000061035156,71.55999755859375,68.31999969482422,68.47000122070312,1234900
2013-06-14,48.302547454833984,71.0199966430664,71.62999725341797,70.86000061035156,71.01000213623047,1170100
2013-06-17,49.14591979980469,72.26000213623047,72.98999786376953,71.80999755859375,72.98999786376953,1543400
2013-06-18,49.819236755371094,73.25,73.8499984741211,72.27999877929688,72.47000122070312,1529700
2013-06-19,49.193538665771484,72.33000183105469,73.4800033569336,72.30999755859375,73.1500015258789,904200
2013-06-20,47.921695709228516,70.45999908447266,71.97000122070312,70.0999984741211,71.41000366210938,1541700
2013-06-21,48.146121978759766,70.79000091552734,71.16999816894531,69.44999694824219,71.0,1594500
2013-06-24,47.608829498291016,70.0,70.41000366210938,68.02999877929688,69.16999816894531,1849100
2013-06-25,47.8332633972168,70.33000183105469,71.18000030517578,69.80999755859375,70.81999969482422,1043000
2013-06-26,49.023494720458984,72.08000183105469,72.33999633789062,70.62999725341797,70.7300033569336,1515100
2013-06-27,48.982662200927734,72.0199966430664,72.83000183105469,71.91999816894531,72.58000183105469,853300
2013-06-28,47.615631103515625,70.01000213623047,72.33000183105469,69.95999908447266,71.80999755859375,2440200
2013-07-01,48.54740524291992,71.37999725341797,72.13999938964844,69.75,70.36000061035156,1627300
2013-07-02,48.09172058105469,70.70999908447266,72.2699966430664,69.9800033569336,71.36000061035156,1407300
2013-07-03,48.30934524536133,71.02999877929688,71.19000244140625,70.16000366210938,70.52999877929688,566700
2013-07-05,48.97589111328125,72.01000213623047,72.4000015258789,71.08999633789062,71.83999633789062,722800
2013-07-08,49.45197677612305,72.70999908447266,72.83000183105469,71.93000030517578,72.41999816894531,1160400
2013-07-09,49.9416389465332,73.43000030517578,74.0999984741211,73.04000091552734,73.04000091552734,1518600
2013-07-10,49.64919662475586,73.0,73.7699966430664,72.37999725341797,73.41999816894531,1125500
2013-07-11,50.308921813964844,73.97000122070312,74.55000305175781,73.5199966430664,74.31999969482422,1075600
2013-07-12,50.302120208740234,73.95999908447266,73.97000122070312,73.23999786376953,73.88999938964844,749900
2013-07-15,50.46535110473633,74.19999694824219,74.73999786376953,73.81999969482422,73.83999633789062,940800
2013-07-16,50.050479888916016,73.58999633789062,74.68000030517578,73.26000213623047,74.51000213623047,1038400
2013-07-17,51.199886322021484,75.27999877929688,75.48999786376953,74.0,74.0,1545500
2013-07-18,50.92103958129883,74.87000274658203,76.19999694824219,74.7300033569336,75.33999633789062,1232100
2013-07-19,51.492340087890625,75.70999908447266,75.87000274658203,74.41999816894531,74.97000122070312,970300
2013-07-22,51.42433547973633,75.61000061035156,76.36000061035156,75.4000015258789,75.69999694824219,778400
2013-07-23,51.560359954833984,75.80999755859375,76.13999938964844,75.25,75.87999725341797,738900
2013-07-24,51.03665542602539,75.04000091552734,76.0,74.19999694824219,75.83999633789062,852100
2013-07-25,51.3291130065918,75.47000122070312,75.94999694824219,74.70999908447266,74.73999786376953,1062800
2013-07-26,50.43815994262695,74.16000366210938,75.16000366210938,73.51000213623047,75.12999725341797,883500
2013-07-29,51.02985763549805,75.02999877929688,75.36000061035156,74.19999694824219,74.29000091552734,1188500
2013-07-30,54.24006271362305,79.75,81.30000305175781,77.5,79.56999969482422,3514200
2013-07-31,54.702537536621094,80.43000030517578,81.43000030517578,79.1500015258789,79.66000366210938,1791200
2013-08-01,55.97438049316406,82.30000305175781,82.75,80.7699966430664,80.7699966430664,1541200
2013-08-02,56.04917526245117,82.41000366210938,82.45999908447266,80.91999816894531,82.16000366210938,1560200
2013-08-05,56.103614807128906,82.48999786376953,82.91000366210938,81.98999786376953,82.83000183105469,1061800
2013-08-06,55.035789489746094,80.91999816894531,82.66999816894531,80.58999633789062,82.4800033569336,1564800
2013-08-07,55.04939651489258,80.94000244140625,81.16999816894531,79.94999694824219,80.7300033569336,1249300
2013-08-08,54.72974395751953,80.47000122070312,82.0,80.41999816894531,81.33999633789062,1379300
2013-08-09,54.45768356323242,80.06999969482422,81.94000244140625,79.94999694824219,80.69999694824219,1344100
2013-08-12,53.92719268798828,79.29000091552734,80.06999969482422,79.12999725341797,79.5199966430664,1146700
2013-08-13,54.838565826416016,80.62999725341797,80.87999725341797,79.19000244140625,79.5,1260000
2013-08-14,54.450897216796875,80.05999755859375,80.91999816894531,79.87000274658203,80.41999816894531,863300
2013-08-15,53.26068115234375,78.30999755859375,79.54000091552734,77.12999725341797,79.52999877929688,1542500
2013-08-16,52.947818756103516,77.8499984741211,78.4800033569336,76.86000061035156,77.66999816894531,1635200
2013-08-19,53.0362434387207,77.9800033569336,79.33000183105469,77.61000061035156,77.87000274658203,1104900
2013-08-20,53.376304626464844,78.4800033569336,79.08999633789062,77.79000091552734,78.04000091552734,602600
2013-08-21,53.28106689453125,78.33999633789062,79.30000305175781,78.08999633789062,78.23999786376953,826000
2013-08-22,54.0360221862793,79.44999694824219,79.72000122070312,78.33999633789062,78.5,500200
2013-08-23,54.185646057128906,79.66999816894531,79.80000305175781,78.75,79.54000091552734,479100
2013-08-26,53.233455657958984,78.2699966430664,80.08999633789062,78.23999786376953,79.70999908447266,1438800
2013-08-27,51.60797882080078,75.87999725341797,77.43000030517578,75.7699966430664,77.01000213623047,1860500
2013-08-28,51.179473876953125,75.25,76.08000183105469,74.9000015258789,75.9800033569336,2298100
2013-08-29,51.995628356933594,76.44999694824219,77.05000305175781,74.75,75.18000030517578,1309200
2013-08-30,51.68959045410156,76.0,76.77999877929688,75.7699966430664,76.54000091552734,1183000
2013-09-03,52.2676887512207,76.8499984741211,78.3499984741211,76.02999877929688,77.19999694824219,1555700
2013-09-04,52.288089752197266,76.87999725341797,77.1500015258789,75.73999786376953,76.75,1160800
2013-09-05,52.22687911987305,76.79000091552734,77.12999725341797,76.6500015258789,77.0,623300
2013-09-06,52.288089752197266,76.87999725341797,77.37000274658203,75.76000213623047,76.97000122070312,1376500
2013-09-09,52.566959381103516,77.29000091552734,77.88999938964844,76.75,77.19000244140625,1118900
2013-09-10,52.879791259765625,77.75,78.4000015258789,77.11000061035156,78.05000305175781,1591500
2013-09-11,53.54206848144531,78.41999816894531,78.55000305175781,77.56999969482422,77.69999694824219,1365900
2013-09-12,53.023193359375,77.66000366210938,78.62999725341797,77.12000274658203,78.52999877929688,1030400
2013-09-13,52.231178283691406,76.5,77.87000274658203,76.26000213623047,77.77999877929688,1606100
2013-09-16,52.09463119506836,76.30000305175781,77.9800033569336,76.0,77.81999969482422,4698400
2013-09-17,52.82518005371094,77.37000274658203,77.38999938964844,76.19999694824219,76.36000061035156,1970400
2013-09-18,53.78788375854492,78.77999877929688,79.02999877929688,76.63999938964844,77.18000030517578,1519000
2013-09-19,54.07462692260742,79.19999694824219,80.08000183105469,78.93000030517578,79.20999908447266,1342800
2013-09-20,53.61716842651367,78.52999877929688,79.7699966430664,78.5,79.19000244140625,1560600
2013-09-23,52.94807052612305,77.55000305175781,78.54000091552734,77.30999755859375,78.5,1125500
2013-09-24,52.68180465698242,77.16000366210938,77.87000274658203,76.41000366210938,77.3499984741211,1239900
2013-09-25,52.395042419433594,76.73999786376953,77.47000122070312,76.0199966430664,77.05999755859375,992500
2013-09-26,53.40553283691406,78.22000122070312,78.41999816894531,76.68000030517578,76.75,1286600
2013-09-27,53.05048751831055,77.69999694824219,78.29000091552734,77.58000183105469,78.01000213623047,1110900
2013-09-30,53.18705368041992,77.9000015258789,78.27999877929688,76.62000274658203,76.79000091552734,984300
2013-10-01,54.23167419433594,79.43000030517578,79.44999694824219,77.80000305175781,77.8499984741211,1846800
2013-10-02,53.822021484375,78.83000183105469,78.8499984741211,77.25,78.6500015258789,1937100
2013-10-03,53.282623291015625,78.04000091552734,78.66999816894531,76.54000091552734,78.45999908447266,1323600
2013-10-04,54.62766647338867,80.01000213623047,80.0999984741211,77.48999786376953,77.94999694824219,1504800
2013-10-07,53.084625244140625,77.75,79.2300033569336,77.69000244140625,79.05000305175781,1484700
2013-10-08,51.86931228637695,75.97000122070312,77.56999969482422,75.87000274658203,77.56999969482422,2175500
2013-10-09,52.16291809082031,76.4000015258789,77.2699966430664,75.16000366210938,76.20999908447266,1789500
2013-10-10,53.17339324951172,77.87999725341797,78.25,76.7300033569336,77.3499984741211,1048600
2013-10-11,53.241676330566406,77.9800033569336,78.0199966430664,77.41000366210938,77.66000366210938,1039800
2013-10-14,53.466983795166016,78.30999755859375,78.36000061035156,76.88999938964844,77.2699966430664,896700
2013-10-15,54.163387298583984,79.33000183105469,80.1500015258789,78.04000091552734,78.12000274658203,3033600
2013-10-16,54.81201934814453,80.27999877929688,80.80999755859375,79.52999877929688,79.87999725341797,1448000
2013-10-17,55.61767578125,81.45999908447266,81.55000305175781,80.16000366210938,80.19999694824219,828800
2013-10-18,55.720096588134766,81.61000061035156,82.01000213623047,80.87000274658203,81.66999816894531,1011300
2013-10-21,55.45381164550781,81.22000122070312,82.47000122070312,80.77999877929688,81.93000030517578,1033700
2013-10-22,56.36189651489258,82.55000305175781,82.7699966430664,81.19000244140625,81.5999984741211,1223100
2013-10-23,56.396018981933594,82.5999984741211,82.95999908447266,81.76000213623047,81.94999694824219,1272200
2013-10-24,56.1092529296875,82.18000030517578,82.5999984741211,81.56999969482422,82.5,1644300
2013-10-25,53.21434783935547,77.94000244140625,79.04000091552734,76.12000274658203,77.30999755859375,7580000
2013-10-28,52.06731414794922,76.26000213623047,77.88999938964844,75.70999908447266,77.87999725341797,3926700
2013-10-29,53.55572509765625,78.44000244140625,78.5199966430664,76.4000015258789,76.76000213623047,2570000
2013-10-30,53.5216064453125,78.38999938964844,79.56999969482422,77.7300033569336,78.66999816894531,1548300
2013-10-31,53.79470443725586,78.79000091552734,79.4000015258789,78.11000061035156,78.27999877929688,1609900
2013-11-01,53.40553283691406,78.22000122070312,79.08000183105469,77.5,79.0,1112800
2013-11-04,53.04366683959961,77.69000244140625,78.51000213623047,77.12999725341797,78.36000061035156,1147700
2013-11-05,53.07097625732422,77.7300033569336,78.11000061035156,77.19000244140625,77.54000091552734,754700
2013-11-06,53.200687408447266,77.91999816894531,78.86000061035156,77.44999694824219,77.95999908447266,1169000
2013-11-07,52.442848205566406,76.80999755859375,78.69000244140625,76.70999908447266,78.29000091552734,1936800
2013-11-08,54.0131950378418,79.11000061035156,79.1500015258789,77.11000061035156,77.2300033569336,2174200
2013-11-11,53.944915771484375,79.01000213623047,79.19000244140625,78.47000122070312,78.94000244140625,744100
2013-11-12,53.985870361328125,79.06999969482422,79.68000030517578,78.54000091552734,78.77999877929688,885200
2013-11-13,54.42966842651367,79.72000122070312,79.93000030517578,78.68000030517578,78.76000213623047,901000
2013-11-14,54.101951599121094,79.23999786376953,80.0999984741211,78.87999725341797,79.86000061035156,1590900
2013-11-15,53.74006652832031,78.70999908447266,79.76000213623047,78.52999877929688,79.16999816894531,1251900
2013-11-18,53.159725189208984,77.86000061035156,78.9800033569336,77.63999938964844,78.76000213623047,1328000
2013-11-19,52.34724426269531,76.66999816894531,77.94999694824219,76.22000122070312,77.81999969482422,1766700
2013-11-20,51.80105209350586,75.87000274658203,76.87000274658203,75.69999694824219,76.86000061035156,1270100
2013-11-21,52.19704055786133,76.44999694824219,76.69999694824219,75.70999908447266,76.19000244140625,909000
2013-11-22,52.18338394165039,76.43000030517578,76.87000274658203,76.2300033569336,76.6500015258789,1269300
2013-11-25,51.814693450927734,75.88999938964844,76.6500015258789,75.76000213623047,76.51000213623047,1056100
2013-11-26,51.51426696777344,75.44999694824219,76.47000122070312,75.37000274658203,75.4800033569336,1278500
2013-11-27,52.32677459716797,76.63999938964844,76.83999633789062,75.56999969482422,75.83000183105469,891600
2013-11-29,52.59303665161133,77.02999877929688,77.51000213623047,76.83000183105469,76.83999633789062,471900
2013-12-02,52.2038688659668,76.45999908447266,77.83000183105469,76.37000274658203,77.20999908447266,1228500
2013-12-03,51.50061798095703,75.43000030517578,76.6500015258789,75.05000305175781,76.04000091552734,1103400
2013-12-04,50.92026138305664,74.58000183105469,75.41000366210938,74.12999725341797,74.79000091552734,1384600
2013-12-05,50.73594284057617,74.30999755859375,75.18000030517578,74.12999725341797,74.30000305175781,1351000
2013-12-06,52.03316879272461,76.20999908447266,76.55999755859375,75.11000061035156,75.5,1321100
2013-12-09,51.45282745361328,75.36000061035156,76.23999786376953,75.13999938964844,76.22000122070312,1455300
2013-12-10,51.41868591308594,75.30999755859375,75.76000213623047,75.0199966430664,75.23999786376953,1476400
2013-12-11,50.899803161621094,74.55000305175781,75.5,74.44000244140625,75.5,1659800
2013-12-12,50.66657257080078,73.86000061035156,74.54000091552734,73.80000305175781,74.0999984741211,1930900
2013-12-13,49.8502311706543,72.66999816894531,74.54000091552734,72.62000274658203,74.54000091552734,2751300
2013-12-16,50.37159729003906,73.43000030517578,74.0199966430664,73.20999908447266,73.26000213623047,1784300
2013-12-17,50.78318405151367,74.02999877929688,74.2699966430664,73.30000305175781,73.75,3408600
2013-12-18,51.20162582397461,74.63999938964844,74.83000183105469,73.25,74.06999969482422,2012100
2013-12-19,51.45543670654297,75.01000213623047,75.43000030517578,74.37000274658203,74.56999969482422,2837400
2013-12-20,52.086551666259766,75.93000030517578,76.62999725341797,75.23999786376953,75.4000015258789,3920200
2013-12-23,52.85483932495117,77.05000305175781,77.1500015258789,76.11000061035156,76.5,1611800
2013-12-24,53.65742111206055,78.22000122070312,78.23999786376953,77.01000213623047,77.01000213623047,1063600
2013-12-26,54.171932220458984,78.97000122070312,79.02999877929688,78.30000305175781,78.30000305175781,1650100
2013-12-27,54.23366165161133,79.05999755859375,79.44000244140625,78.87000274658203,79.0,839200
2013-12-30,54.80989074707031,79.9000015258789,79.93000030517578,78.87999725341797,78.98999786376953,1547900
2013-12-31,55.35866165161133,80.69999694824219,80.83999633789062,79.83999633789062,79.87999725341797,2192500
2014-01-02,55.07056427001953,80.27999877929688,80.52999877929688,79.87999725341797,80.30999755859375,1612900
2014-01-03,54.99509048461914,80.16999816894531,80.94000244140625,80.12000274658203,80.45999908447266,941700
2014-01-06,54.71384048461914,79.76000213623047,80.94000244140625,79.22000122070312,80.76000213623047,1291200
2014-01-07,54.501197814941406,79.44999694824219,79.97000122070312,79.22000122070312,79.73999786376953,1442700
2014-01-08,54.32969665527344,79.19999694824219,79.4800033569336,78.16000366210938,79.12999725341797,1776600
2014-01-09,54.39829635620117,79.30000305175781,79.98999786376953,78.94999694824219,79.48999786376953,1045300
2014-01-10,54.487483978271484,79.43000030517578,80.43000030517578,79.2699966430664,79.91000366210938,973100
2014-01-13,53.623130798339844,78.16999816894531,79.56999969482422,77.98999786376953,79.11000061035156,1070500
2014-01-14,54.39142990112305,79.29000091552734,79.52999877929688,78.31999969482422,78.31999969482422,1080800
2014-01-15,54.74815368652344,79.80999755859375,80.18000030517578,79.31999969482422,79.36000061035156,1381900
2014-01-16,54.76187515258789,79.83000183105469,80.29000091552734,79.45999908447266,79.7300033569336,813800
2014-01-17,54.796180725097656,79.87999725341797,80.38999938964844,79.19999694824219,79.6500015258789,1024000
2014-01-21,54.63151168823242,79.63999938964844,81.25,79.4800033569336,80.6500015258789,2314800
2014-01-22,53.403621673583984,77.8499984741211,79.75,77.18000030517578,79.6500015258789,3149400
2014-01-23,52.27177810668945,76.19999694824219,77.0199966430664,74.83000183105469,77.0199966430664,3160100
2014-01-24,51.19477844238281,74.62999725341797,75.81999969482422,74.5199966430664,75.33999633789062,2957500
2014-01-27,51.023277282714844,74.37999725341797,75.16999816894531,73.0,74.69999694824219,2386800
2014-01-28,51.599483489990234,75.22000122070312,75.62999725341797,74.30000305175781,74.5,1986500
2014-01-29,51.235923767089844,74.69000244140625,76.06999969482422,74.48999786376953,74.91000366210938,1933300
2014-01-30,52.113975524902344,75.97000122070312,76.22000122070312,74.62000274658203,75.06999969482422,2259200
2014-01-31,53.479068756103516,77.95999908447266,79.76000213623047,76.25,77.19999694824219,3489200
2014-02-03,52.21000289916992,76.11000061035156,78.55000305175781,76.02999877929688,78.11000061035156,2073400
2014-02-04,52.820533752441406,77.0,77.37000274658203,75.62999725341797,76.58000183105469,1762900
2014-02-05,53.38304138183594,77.81999969482422,78.08999633789062,76.04000091552734,76.80999755859375,2165200
2014-02-06,53.588844299316406,78.12000274658203,78.69000244140625,77.58000183105469,77.86000061035156,1609200
2014-02-07,54.30226516723633,79.16000366210938,79.30000305175781,78.20999908447266,78.55000305175781,1470300
2014-02-10,54.98824691772461,80.16000366210938,80.33000183105469,78.95999908447266,79.06999969482422,1599300
2014-02-11,54.74815368652344,79.80999755859375,80.48999786376953,79.51000213623047,80.0,1718700
2014-02-12,56.01035690307617,81.6500015258789,81.87000274658203,79.8499984741211,79.9000015258789,1730600
2014-02-13,56.5797233581543,82.4800033569336,83.0999984741211,81.0,81.31999969482422,1845900
2014-02-14,56.826683044433594,82.83999633789062,83.0,81.48999786376953,82.23999786376953,859300
2014-02-18,56.81294250488281,82.81999969482422,83.16000366210938,82.30999755859375,83.1500015258789,1170300
2014-02-19,56.28474044799805,82.05000305175781,83.37999725341797,81.94999694824219,82.83000183105469,1583800
2014-02-20,56.80607223510742,82.80999755859375,82.86000061035156,81.0,82.08999633789062,1280300
2014-02-21,57.85564422607422,84.33999633789062,84.69000244140625,83.37999725341797,83.9000015258789,1984800
2014-02-24,57.68413543701172,84.08999633789062,85.11000061035156,83.86000061035156,84.22000122070312,1708200
2014-02-25,58.843441009521484,85.77999877929688,86.13999938964844,83.97000122070312,84.02999877929688,2156600
2014-02-26,58.925777435302734,85.9000015258789,86.5,85.30999755859375,85.76000213623047,1775400
2014-02-27,59.55002212524414,86.80999755859375,86.83000183105469,85.5999984741211,85.5999984741211,1816500
2014-02-28,59.97532272338867,87.43000030517578,88.13999938964844,86.68000030517578,87.05000305175781,1746600
2014-03-03,59.790103912353516,87.16000366210938,87.87999725341797,86.37000274658203,86.54000091552734,1676100
2014-03-04,60.05078887939453,87.54000091552734,88.27999877929688,87.48999786376953,88.22000122070312,1499300
2014-03-05,59.9067268371582,87.33000183105469,87.79000091552734,86.9000015258789,87.58999633789062,1276800
2014-03-06,60.34574508666992,87.97000122070312,88.9000015258789,87.69999694824219,87.79000091552734,1312600
2014-03-07,60.05078887939453,87.54000091552734,88.30999755859375,87.0,88.19000244140625,1434600
2014-03-10,59.89987564086914,87.31999969482422,88.05000305175781,86.41000366210938,87.37000274658203,1505600
2014-03-11,59.33049392700195,86.48999786376953,87.55999755859375,86.27999877929688,87.55999755859375,1959100
2014-03-12,58.82769775390625,85.41000366210938,86.0,85.01000213623047,85.7300033569336,1957600
2014-03-13,58.16648864746094,84.44999694824219,86.18000030517578,84.0199966430664,85.62000274658203,1864400
2014-03-14,57.64992141723633,83.69999694824219,85.19999694824219,83.55999755859375,84.41999816894531,1784500
2014-03-17,58.249141693115234,84.56999969482422,85.0,83.91999816894531,84.41000366210938,1171000
2014-03-18,58.483314514160156,84.91000366210938,85.22000122070312,84.58000183105469,84.66000366210938,854400
2014-03-19,58.22157287597656,84.52999877929688,85.69000244140625,84.05999755859375,84.97000122070312,1272100
2014-03-20,58.889686584472656,85.5,85.55999755859375,84.30999755859375,84.33999633789062,997900
2014-03-21,59.2891731262207,86.08000183105469,86.8499984741211,85.44999694824219,86.11000061035156,2384000
2014-03-24,58.74504852294922,85.29000091552734,86.7699966430664,84.97000122070312,86.16999816894531,957600
2014-03-25,59.10320281982422,85.80999755859375,86.30000305175781,85.08000183105469,85.62000274658203,866700
2014-03-26,58.070064544677734,84.30999755859375,86.20999908447266,84.30000305175781,86.0,1015200
2014-03-27,58.125152587890625,84.38999938964844,84.86000061035156,83.6500015258789,84.3499984741211,1339500
2014-03-28,58.958553314208984,85.5999984741211,85.69999694824219,84.43000030517578,84.58999633789062,735300
2014-03-31,59.37870788574219,86.20999908447266,86.45999908447266,85.6500015258789,86.0,865300
2014-04-01,59.31673812866211,86.12000274658203,87.38999938964844,85.3499984741211,86.30000305175781,1486800
2014-04-02,60.170780181884766,87.36000061035156,87.47000122070312,86.12999725341797,86.23999786376953,1009400
2014-04-03,60.046817779541016,87.18000030517578,88.54000091552734,86.73999786376953,87.56999969482422,967400
2014-04-04,59.58533477783203,86.51000213623047,88.1500015258789,85.94000244140625,87.91999816894531,1159500
2014-04-07,58.30423355102539,84.6500015258789,86.37000274658203,84.0999984741211,86.33000183105469,838500
2014-04-08,58.33180236816406,84.69000244140625,85.45999908447266,84.38999938964844,84.70999908447266,936300
2014-04-09,59.48202133178711,86.36000061035156,86.41999816894531,84.5199966430664,85.12000274658203,1182200
2014-04-10,57.939205169677734,84.12000274658203,86.6500015258789,84.08000183105469,86.4800033569336,975100
2014-04-11,58.311134338378906,84.66000366210938,85.05999755859375,83.62999725341797,83.76000213623047,1887700
2014-04-14,58.621063232421875,85.11000061035156,85.48999786376953,84.52999877929688,85.04000091552734,1175000
2014-04-15,59.41313552856445,86.26000213623047,86.47000122070312,85.1500015258789,85.3499984741211,1325900
2014-04-16,60.907772064208984,88.43000030517578,88.48999786376953,87.13999938964844,87.2300033569336,1989500
2014-04-17,61.01108169555664,88.58000183105469,89.08999633789062,87.80999755859375,88.25,1469600
2014-04-21,60.370548248291016,87.6500015258789,88.56999969482422,87.13999938964844,88.55999755859375,1387500
2014-04-22,60.9973258972168,88.55999755859375,89.05000305175781,87.62000274658203,88.06999969482422,929300
2014-04-23,61.01108169555664,88.58000183105469,89.06999969482422,88.19000244140625,88.72000122070312,1038200
2014-04-24,60.136356353759766,87.30999755859375,89.19000244140625,86.86000061035156,89.19000244140625,1858800
2014-04-25,58.104496002197266,84.36000061035156,85.69999694824219,82.48999786376953,84.01000213623047,3026300
2014-04-28,58.43508529663086,84.83999633789062,86.0,83.8499984741211,84.9800033569336,1636600
2014-04-29,59.36494064331055,86.19000244140625,86.54000091552734,84.88999938964844,84.88999938964844,1566200
2014-04-30,60.03992462158203,87.16999816894531,87.20999908447266,86.0199966430664,86.0199966430664,1241000
2014-05-01,59.22030258178711,85.9800033569336,87.31999969482422,85.77999877929688,87.04000091552734,1047600
2014-05-02,59.12387466430664,85.83999633789062,86.94000244140625,85.63999938964844,86.05000305175781,886400
2014-05-05,59.165199279785156,85.9000015258789,86.22000122070312,85.20999908447266,85.66000366210938,1222200
2014-05-06,58.8345832824707,85.41999816894531,86.06999969482422,85.02999877929688,85.80999755859375,972400
2014-05-07,59.5164680480957,86.41000366210938,86.4800033569336,85.05000305175781,85.80000305175781,798100
2014-05-08,58.76573181152344,85.31999969482422,87.22000122070312,84.88999938964844,86.30000305175781,1111300
2014-05-09,59.11008071899414,85.81999969482422,85.94000244140625,84.43000030517578,85.20999908447266,1166400
2014-05-12,59.4544792175293,86.31999969482422,86.44000244140625,85.69999694824219,86.16999816894531,1124700
2014-05-13,58.958553314208984,85.5999984741211,86.80999755859375,85.4800033569336,86.54000091552734,840000
2014-05-14,58.97921371459961,85.62999725341797,86.2699966430664,85.37999725341797,85.87999725341797,785100
2014-05-15,57.80144119262695,83.91999816894531,85.73999786376953,83.62999725341797,85.5,1464700
2014-05-16,57.98051071166992,84.18000030517578,84.20999908447266,83.11000061035156,83.77999877929688,1399100
2014-05-19,58.93101501464844,85.55999755859375,86.5999984741211,83.87000274658203,84.2699966430664,1218400
2014-05-20,58.36622619628906,84.73999786376953,86.26000213623047,84.66999816894531,85.5199966430664,1114100
2014-05-21,58.531558990478516,84.9800033569336,86.05000305175781,84.93000030517578,85.05000305175781,1692500
2014-05-22,58.60040283203125,85.08000183105469,85.45999908447266,84.68000030517578,84.83000183105469,1020900
2014-05-23,59.44070053100586,86.30000305175781,86.44000244140625,84.97000122070312,85.30999755859375,953300
2014-05-27,59.30984115600586,86.11000061035156,87.5,85.72000122070312,86.58000183105469,1141000
2014-05-28,59.61289978027344,86.55000305175781,87.11000061035156,86.08000183105469,86.11000061035156,666700
2014-05-29,60.632259368896484,88.02999877929688,88.27999877929688,86.33000183105469,86.73999786376953,902300
2014-05-30,60.790687561035156,88.26000213623047,88.31999969482422,87.54000091552734,87.91999816894531,1207900
2014-06-02,61.38302993774414,89.12000274658203,89.23999786376953,87.94999694824219,88.26000213623047,1073500
2014-06-03,61.706722259521484,89.58999633789062,89.94999694824219,88.69000244140625,88.69000244140625,1841800
2014-06-04,62.12688446044922,90.19999694824219,90.55000305175781,88.87000274658203,89.23999786376953,1065600
2014-06-05,61.65166091918945,89.51000213623047,90.19000244140625,88.66999816894531,90.16999816894531,1110000
2014-06-06,61.9064826965332,89.87999725341797,90.0999984741211,89.58000183105469,89.9000015258789,858600
2014-06-09,61.76873779296875,89.68000030517578,90.4000015258789,89.5199966430664,89.87999725341797,709800
2014-06-10,61.96849822998047,89.97000122070312,89.98999786376953,88.76000213623047,89.37999725341797,716300
2014-06-11,61.553611755371094,89.0199966430664,89.48999786376953,88.94999694824219,89.12999725341797,951800
2014-06-12,61.11106872558594,88.37999725341797,89.58000183105469,88.22000122070312,88.98999786376953,758200
2014-06-13,61.42914962768555,88.83999633789062,88.91999816894531,87.93000030517578,88.47000122070312,1140900
2014-06-16,60.779170989990234,87.9000015258789,88.7300033569336,87.02999877929688,88.51000213623047,1122400
2014-06-17,60.60630416870117,87.6500015258789,88.30000305175781,87.2699966430664,87.58000183105469,616800
2014-06-18,60.90364074707031,88.08000183105469,88.18000030517578,87.08000183105469,87.48999786376953,759800
2014-06-19,60.53718185424805,87.55000305175781,88.48999786376953,87.3499984741211,88.26000213623047,833700
2014-06-20,60.91745376586914,88.0999984741211,88.36000061035156,87.44999694824219,87.55000305175781,1123200
2014-06-23,60.627071380615234,87.68000030517578,88.11000061035156,87.23999786376953,88.0999984741211,608100
2014-06-24,60.27439880371094,87.16999816894531,88.0999984741211,87.16999816894531,87.58000183105469,963400
2014-06-25,60.308998107910156,87.22000122070312,87.83000183105469,86.56999969482422,87.16000366210938,1014800
2014-06-26,60.239864349365234,87.12000274658203,87.31999969482422,86.38999938964844,87.31999969482422,845900
2014-06-27,60.44036102294922,87.41000366210938,87.51000213623047,86.16000366210938,86.66999816894531,1564700
2014-06-30,60.398860931396484,87.3499984741211,87.58999633789062,86.44999694824219,87.41000366210938,884900
2014-07-01,60.647789001464844,87.70999908447266,88.19999694824219,86.86000061035156,87.41000366210938,700400
2014-07-02,60.61323928833008,87.66000366210938,88.0199966430664,87.37000274658203,87.88999938964844,720500
2014-07-03,61.228633880615234,88.55000305175781,88.68000030517578,88.11000061035156,88.30000305175781,412900
2014-07-07,60.69620895385742,87.77999877929688,88.55000305175781,87.54000091552734,88.44999694824219,644700
2014-07-08,60.5025749206543,87.5,87.95999908447266,87.19000244140625,87.69999694824219,725900
2014-07-09,60.34354019165039,87.2699966430664,87.83999633789062,86.9000015258789,87.73999786376953,791700
2014-07-10,59.99090576171875,86.76000213623047,87.94999694824219,85.87999725341797,86.7699966430664,803500
2014-07-11,60.039310455322266,86.83000183105469,86.98999786376953,86.16000366210938,86.87000274658203,784800
2014-07-14,60.00472640991211,86.77999877929688,87.80999755859375,86.47000122070312,87.30999755859375,676500
2014-07-15,59.38935470581055,85.88999938964844,87.19000244140625,85.8499984741211,86.1500015258789,1232500
2014-07-16,59.77656173706055,86.44999694824219,86.45999908447266,85.97000122070312,86.43000030517578,1270300
2014-07-17,59.54838943481445,86.12000274658203,86.63999938964844,85.62999725341797,86.0199966430664,1245700
2014-07-18,59.83186721801758,86.52999877929688,86.73999786376953,86.02999877929688,86.27999877929688,754900
2014-07-21,59.8871955871582,86.61000061035156,86.68000030517578,85.9000015258789,86.19000244140625,630700
2014-07-22,60.46804428100586,87.44999694824219,87.66000366210938,86.77999877929688,86.9800033569336,1087300
2014-07-23,60.855247497558594,88.01000213623047,88.19999694824219,87.44000244140625,87.44000244140625,870400
2014-07-24,60.82757568359375,87.97000122070312,88.44000244140625,87.80000305175781,88.0,812500
2014-07-25,61.339256286621094,88.70999908447266,88.73999786376953,87.56999969482422,87.56999969482422,1111700
2014-07-28,61.311607360839844,88.66999816894531,89.0199966430664,87.30000305175781,88.66000366210938,1868600
2014-07-29,56.36766815185547,81.5199966430664,84.0,81.5,83.51000213623047,5154500
2014-07-30,56.20863723754883,81.29000091552734,82.5199966430664,80.94000244140625,81.7699966430664,3176900
2014-07-31,54.47306442260742,78.77999877929688,80.88999938964844,78.62999725341797,80.79000091552734,3219000
2014-08-01,54.251808166503906,78.45999908447266,79.20999908447266,78.20999908447266,78.76000213623047,1949200
2014-08-04,54.763492584228516,79.19999694824219,79.47000122070312,78.23999786376953,78.87999725341797,1691800
2014-08-05,54.576805114746094,78.93000030517578,79.83000183105469,78.44999694824219,78.7699966430664,1764000
2014-08-06,54.89487075805664,79.38999938964844,79.75,78.63999938964844,78.72000122070312,1105500
2014-08-07,54.60445022583008,78.97000122070312,79.9800033569336,78.68000030517578,79.66000366210938,916700
2014-08-08,55.21986770629883,79.86000061035156,79.93000030517578,78.75,79.20999908447266,995000
2014-08-11,55.21986770629883,79.86000061035156,80.29000091552734,79.58999633789062,79.86000061035156,1035100
2014-08-12,55.316646575927734,80.0,80.16000366210938,79.41999816894531,79.55999755859375,742100
2014-08-13,56.02193832397461,81.0199966430664,81.37000274658203,80.0,80.47000122070312,1033200
2014-08-14,56.063438415527344,81.08000183105469,81.23999786376953,80.7699966430664,81.0,457000
2014-08-15,55.77301025390625,80.66000366210938,81.55999755859375,80.26000213623047,81.08999633789062,1068200
2014-08-18,56.18789291381836,81.26000213623047,81.62000274658203,80.63999938964844,81.44999694824219,1516300
2014-08-19,56.395347595214844,81.55999755859375,81.72000122070312,81.22000122070312,81.62000274658203,664200
2014-08-20,56.71339416503906,82.0199966430664,82.16000366210938,81.33000183105469,81.62999725341797,964300
2014-08-21,56.69265365600586,81.98999786376953,82.38999938964844,81.41999816894531,81.93000030517578,570500
2014-08-22,56.24320602416992,81.33999633789062,81.94000244140625,81.22000122070312,81.91000366210938,911300
2014-08-25,56.63043212890625,81.9000015258789,82.33999633789062,81.52999877929688,81.70999908447266,568200
2014-08-26,56.346923828125,81.48999786376953,82.27999877929688,81.47000122070312,82.18000030517578,800700
2014-08-27,56.27778244018555,81.38999938964844,82.0,81.16999816894531,81.80000305175781,1248200
2014-08-28,57.010719299316406,82.44999694824219,82.61000061035156,81.22000122070312,81.29000091552734,1330800
2014-08-29,57.024559020996094,82.47000122070312,83.0999984741211,82.12000274658203,82.5199966430664,673300
2014-09-02,57.43942642211914,83.06999969482422,83.2699966430664,82.44999694824219,82.80999755859375,1149600
2014-09-03,57.32880783081055,82.91000366210938,83.68000030517578,82.80999755859375,83.37000274658203,1350300
2014-09-04,57.09368896484375,82.56999969482422,83.6500015258789,82.47000122070312,82.9000015258789,944100
2014-09-05,57.639949798583984,83.36000061035156,83.37999725341797,82.5,82.66999816894531,830700
2014-09-08,57.653785705566406,83.37999725341797,83.94999694824219,83.12999725341797,83.44000244140625,1128100
2014-09-09,57.36334991455078,82.95999908447266,83.56999969482422,82.8499984741211,83.20999908447266,1080800
2014-09-10,57.785152435302734,83.56999969482422,83.5999984741211,82.5999984741211,82.94999694824219,1148400
2014-09-11,57.174102783203125,82.33999633789062,85.20999908447266,81.95999908447266,83.01000213623047,5640400
2014-09-12,57.66712951660156,83.05000305175781,84.48999786376953,82.3499984741211,82.5999984741211,2240900
2014-09-15,57.58379364013672,82.93000030517578,83.2699966430664,82.36000061035156,83.0999984741211,1126800
2014-09-16,58.1323356628418,83.72000122070312,84.05000305175781,82.6500015258789,83.01000213623047,1296500
2014-09-17,58.021244049072266,83.55999755859375,84.19999694824219,83.4000015258789,83.93000030517578,1234300
2014-09-18,58.764225006103516,84.62999725341797,84.6500015258789,83.93000030517578,84.05000305175781,956000
2014-09-19,58.88921356201172,84.80999755859375,85.18000030517578,84.45999908447266,84.94000244140625,1728400
2014-09-22,58.20872116088867,83.83000183105469,84.81999969482422,83.76000213623047,84.72000122070312,1027600
2014-09-23,57.47962188720703,82.77999877929688,83.87999725341797,82.76000213623047,83.87999725341797,756600
2014-09-24,58.43092727661133,84.1500015258789,84.2300033569336,82.86000061035156,83.0999984741211,957300
2014-09-25,57.0908088684082,82.22000122070312,83.94000244140625,82.22000122070312,83.72000122070312,1029600
2014-09-26,57.40327453613281,82.66999816894531,82.81999969482422,82.04000091552734,82.30000305175781,707600
2014-09-29,57.201900482177734,82.37999725341797,82.75,81.76000213623047,82.16999816894531,679900
2014-09-30,56.16728210449219,80.88999938964844,82.52999877929688,80.7300033569336,82.33000183105469,1047400
2014-10-01,54.847984313964844,78.98999786376953,80.69000244140625,78.80999755859375,80.69000244140625,1410300
2014-10-02,54.55635452270508,78.56999969482422,78.98999786376953,77.3499984741211,78.77999877929688,1798200
2014-10-03,54.79244613647461,78.91000366210938,79.80999755859375,78.66999816894531,79.04000091552734,1879300
2014-10-06,55.1743278503418,79.45999908447266,79.97000122070312,79.18000030517578,79.4000015258789,1015000
2014-10-07,53.889774322509766,77.61000061035156,78.88999938964844,77.5999984741211,78.79000091552734,1297900
2014-10-08,54.410545349121094,78.36000061035156,78.5199966430664,76.47000122070312,77.4800033569336,1507600
2014-10-09,52.81350326538086,76.05999755859375,78.3499984741211,76.05000305175781,78.23999786376953,1350600
2014-10-10,51.785831451416016,74.58000183105469,75.9800033569336,73.76000213623047,75.77999877929688,2636400
2014-10-13,49.64024353027344,71.48999786376953,75.04000091552734,71.45999908447266,74.56999969482422,1878700
2014-10-14,50.563751220703125,72.81999969482422,74.30000305175781,71.75,71.80999755859375,2120400
2014-10-15,51.01509094238281,73.47000122070312,73.72000122070312,70.37999725341797,71.8499984741211,1667200
2014-10-16,51.619197845458984,74.33999633789062,74.56999969482422,72.02999877929688,72.02999877929688,1350500
2014-10-17,52.174686431884766,75.13999938964844,76.16999816894531,74.80000305175781,75.25,1246800
2014-10-20,52.6954460144043,75.88999938964844,75.88999938964844,74.4800033569336,74.81999969482422,1632900
2014-10-21,54.230003356933594,78.0999984741211,78.3499984741211,75.61000061035156,77.18000030517578,1093200
2014-10-22,53.903656005859375,77.62999725341797,79.12000274658203,77.58999633789062,78.58000183105469,1473300
2014-10-23,54.16056442260742,78.0,78.87999725341797,77.2699966430664,78.37000274658203,1364500
2014-10-24,53.85504150390625,77.55999755859375,77.98999786376953,76.20999908447266,77.97000122070312,1566300
2014-10-27,51.619197845458984,74.33999633789062,77.08000183105469,73.69999694824219,76.72000122070312,2857900
2014-10-28,53.15374755859375,76.55000305175781,76.55000305175781,74.5199966430664,74.98999786376953,1604600
2014-10-29,51.744178771972656,74.5199966430664,76.86000061035156,74.08000183105469,76.47000122070312,2805600
2014-10-30,52.612117767333984,75.7699966430664,76.0,74.0,74.01000213623047,1922100
2014-10-31,56.09092712402344,80.77999877929688,81.63999938964844,77.44999694824219,78.31999969482422,3363000
2014-11-03,56.9588623046875,82.02999877929688,83.05999755859375,81.72000122070312,82.51000213623047,2486300
2014-11-04,55.91036605834961,80.5199966430664,82.61000061035156,80.0,82.47000122070312,2611900
2014-11-05,56.96580505371094,82.04000091552734,82.26000213623047,80.9800033569336,81.0199966430664,1125500
2014-11-06,57.257450103759766,82.45999908447266,83.6500015258789,81.5999984741211,82.22000122070312,1593900
2014-11-07,57.264400482177734,82.47000122070312,82.4800033569336,81.23999786376953,82.43000030517578,1808000
2014-11-10,58.215660095214844,83.83999633789062,83.97000122070312,82.30000305175781,82.38999938964844,2632900
2014-11-11,58.55591583251953,84.33000183105469,84.58999633789062,83.44000244140625,83.7699966430664,1416900
2014-11-12,58.368404388427734,84.05999755859375,84.36000061035156,83.41000366210938,84.16999816894531,1261500
2014-11-13,58.0281982421875,83.56999969482422,84.29000091552734,83.06999969482422,84.27999877929688,737400
2014-11-14,58.451744079589844,84.18000030517578,84.20999908447266,83.44999694824219,83.87999725341797,723600
2014-11-17,58.29204559326172,83.94999694824219,84.08000183105469,83.61000061035156,83.81999969482422,650900
2014-11-18,59.361366271972656,85.48999786376953,85.58999633789062,83.69999694824219,84.0999984741211,951400
2014-11-19,59.20859909057617,85.2699966430664,85.54000091552734,84.69000244140625,85.44000244140625,1475200
2014-11-20,59.71551513671875,86.0,86.0,84.7699966430664,84.9800033569336,1220200
2014-11-21,61.000064849853516,87.8499984741211,88.93000030517578,87.26000213623047,87.26000213623047,1812800
2014-11-24,60.60426712036133,87.27999877929688,87.94999694824219,86.77999877929688,87.9000015258789,1574000
2014-11-25,59.99323654174805,86.4000015258789,87.61000061035156,86.29000091552734,86.87000274658203,908200
2014-11-26,60.24322509765625,86.76000213623047,86.80999755859375,85.51000213623047,86.4800033569336,642000
2014-11-28,57.576866149902344,82.91999816894531,85.9000015258789,82.70999908447266,85.9000015258789,1212400
2014-12-01,57.049129486083984,82.16000366210938,82.98999786376953,81.37000274658203,82.98999786376953,1451600
2014-12-02,58.0906867980957,83.66000366210938,83.80000305175781,82.1500015258789,82.66000366210938,1264400
2014-12-03,58.569801330566406,84.3499984741211,84.5999984741211,83.08999633789062,83.41999816894531,1402500
2014-12-04,57.7851676940918,83.22000122070312,84.19000244140625,82.7699966430664,84.0,1553900
2014-12-05,55.90341567993164,80.51000213623047,82.12000274658203,80.12999725341797,81.93000030517578,2519100
2014-12-08,55.285423278808594,79.62000274658203,81.2699966430664,79.25,80.8499984741211,1963200
2014-12-09,55.1743278503418,79.45999908447266,79.54000091552734,77.88999938964844,78.66000366210938,1598000
2014-12-10,52.67463302612305,75.86000061035156,79.27999877929688,75.33000183105469,79.23999786376953,2225800
2014-12-11,52.84913635253906,75.70999908447266,77.25,75.44999694824219,75.9800033569336,1774800
2014-12-12,50.650299072265625,72.55999755859375,74.94999694824219,72.37999725341797,74.87999725341797,2645500
2014-12-15,50.294288635253906,72.05000305175781,73.8499984741211,72.0199966430664,73.13999938964844,2908300
2014-12-16,49.95921325683594,71.56999969482422,73.55000305175781,71.05999755859375,71.58000183105469,2396400
2014-12-17,50.887630462646484,72.9000015258789,73.08000183105469,71.69999694824219,72.06999969482422,3208000
2014-12-18,52.19994354248047,74.77999877929688,74.80999755859375,73.05000305175781,73.58999633789062,1753800
2014-12-19,52.77933883666992,75.61000061035156,75.94000244140625,74.75,75.19999694824219,2387600
2014-12-22,53.39360427856445,76.48999786376953,76.5,75.19999694824219,75.61000061035156,1387800
2014-12-23,53.582088470458984,76.76000213623047,77.33999633789062,76.45999908447266,76.95999908447266,1506700
2014-12-24,53.610015869140625,76.80000305175781,77.12000274658203,76.25,77.04000091552734,431000
2014-12-26,53.575111389160156,76.75,77.3499984741211,76.37000274658203,76.44000244140625,611500
2014-12-29,53.29589080810547,76.3499984741211,77.20999908447266,76.05999755859375,76.69000244140625,922000
2014-12-30,53.45642852783203,76.58000183105469,76.88999938964844,75.88999938964844,76.29000091552734,914100
2014-12-31,52.95384216308594,75.86000061035156,76.9000015258789,75.80000305175781,76.5999984741211,1022000
2015-01-02,53.38662338256836,76.4800033569336,76.66999816894531,75.62999725341797,76.02999877929688,1566100
2015-01-05,51.543792724609375,73.83999633789062,75.75,73.72000122070312,75.66999816894531,2099000
2015-01-06,51.3274040222168,73.52999877929688,74.44999694824219,72.66000366210938,73.76000213623047,1497400
2015-01-07,50.99930953979492,73.05999755859375,74.22000122070312,72.83000183105469,74.18000030517578,1670200
2015-01-08,52.576904296875,75.31999969482422,75.33000183105469,73.51000213623047,73.91000366210938,2297600
2015-01-09,51.962623596191406,74.44000244140625,75.9000015258789,73.8499984741211,75.72000122070312,1161100
2015-01-12,50.66426086425781,72.58000183105469,74.38999938964844,72.19000244140625,74.2300033569336,1697600
2015-01-13,50.07789993286133,71.73999786376953,73.81999969482422,70.80000305175781,73.29000091552734,1913700
2015-01-14,49.40777587890625,70.77999877929688,70.95999908447266,69.19000244140625,70.56999969482422,2089000
2015-01-15,48.723697662353516,69.80000305175781,71.4000015258789,69.75,71.31999969482422,2436300
2015-01-16,49.61021423339844,71.06999969482422,71.25,69.3499984741211,69.52999877929688,2255600
2015-01-20,48.76555633544922,69.86000061035156,71.5999984741211,69.30999755859375,71.31999969482422,2474100
2015-01-21,49.7358512878418,71.25,71.37000274658203,68.4000015258789,69.5,1943200
2015-01-22,50.594444274902344,72.4800033569336,72.5999984741211,71.18000030517578,71.83999633789062,1720400
2015-01-23,48.26297378540039,69.13999938964844,71.61000061035156,69.0999984741211,71.47000122070312,2868100
2015-01-26,48.702728271484375,69.7699966430664,70.16999816894531,68.76000213623047,69.33000183105469,1606300
2015-01-27,49.086669921875,70.31999969482422,70.9000015258789,68.80000305175781,68.91999816894531,1328300
2015-01-28,47.92092514038086,68.6500015258789,71.13999938964844,68.47000122070312,70.81999969482422,1472500
2015-01-29,47.9139518737793,68.63999938964844,69.25,67.77999877929688,69.0199966430664,2675100
2015-01-30,49.48455047607422,70.88999938964844,71.72000122070312,67.12999725341797,67.80000305175781,4057000
2015-02-02,48.758575439453125,69.8499984741211,71.5999984741211,68.73999786376953,71.04000091552734,2598700
2015-02-03,51.04119873046875,73.12000274658203,73.2699966430664,70.33999633789062,70.3499984741211,3249200
2015-02-04,50.126747131347656,71.80999755859375,72.68000030517578,71.16000366210938,72.05000305175781,1757400
2015-02-05,51.61361312866211,73.94000244140625,74.37999725341797,72.2300033569336,72.23999786376953,1592500
2015-02-06,51.09702682495117,73.19999694824219,74.63999938964844,73.05000305175781,74.04000091552734,1468400
2015-02-09,52.060340881347656,74.58000183105469,75.36000061035156,73.19999694824219,73.19999694824219,1845800
2015-02-10,51.88582992553711,74.33000183105469,74.77999877929688,73.44000244140625,74.77999877929688,1137600
2015-02-11,51.56472396850586,73.87000274658203,74.23999786376953,72.91000366210938,74.08000183105469,1214200
2015-02-12,52.43030548095703,75.11000061035156,75.43000030517578,74.3499984741211,74.3499984741211,1040000
2015-02-13,52.82120132446289,75.66999816894531,76.0999984741211,75.11000061035156,75.33999633789062,1254300
2015-02-17,52.960838317871094,75.87000274658203,76.26000213623047,74.69999694824219,75.30000305175781,1328700
2015-02-18,52.723487854003906,75.52999877929688,75.80000305175781,75.0,75.41999816894531,982500
2015-02-19,52.13715362548828,74.69000244140625,75.52999877929688,74.3499984741211,74.91000366210938,1671900
2015-02-20,52.68159866333008,75.47000122070312,75.66999816894531,74.06999969482422,74.45999908447266,926800
2015-02-23,52.981773376464844,75.9000015258789,76.08999633789062,74.83000183105469,75.1500015258789,1177100
2015-02-24,52.93990707397461,75.83999633789062,76.4800033569336,75.58000183105469,76.2699966430664,661900
2015-02-25,53.21910095214844,76.23999786376953,76.54000091552734,75.91999816894531,75.91999816894531,747900
2015-02-26,52.55595397949219,75.29000091552734,76.4800033569336,74.9000015258789,75.7699966430664,1315900
2015-02-27,51.976585388183594,74.45999908447266,75.63999938964844,74.44000244140625,75.26000213623047,1295400
2015-03-02,52.63973617553711,75.41000366210938,75.43000030517578,73.5199966430664,74.45999908447266,1261100
2015-03-03,51.87886047363281,74.31999969482422,75.33999633789062,73.91999816894531,75.0,1393300
2015-03-04,51.976585388183594,74.45999908447266,74.69999694824219,73.8499984741211,74.66000366210938,1299800
2015-03-05,51.34134292602539,73.55000305175781,74.7699966430664,73.01000213623047,74.7699966430664,2105100
2015-03-06,50.35013198852539,72.12999725341797,73.43000030517578,71.97000122070312,73.12999725341797,1562600
2015-03-09,50.32917785644531,72.0999984741211,72.5199966430664,71.9000015258789,72.12000274658203,997900
2015-03-10,49.533424377441406,70.95999908447266,71.47000122070312,70.75,71.16999816894531,1011700
2015-03-11,49.121559143066406,70.37000274658203,71.76000213623047,70.2699966430664,70.75,1340100
2015-03-12,49.57788848876953,70.62000274658203,70.93000030517578,70.0999984741211,70.36000061035156,937400
2015-03-13,48.889896392822266,69.63999938964844,70.5199966430664,68.91000366210938,70.33000183105469,1434300
2015-03-16,48.60907745361328,69.23999786376953,69.52999877929688,68.1500015258789,69.16000366210938,2239900
2015-03-17,48.384422302246094,68.91999816894531,69.19999694824219,67.87000274658203,68.6500015258789,1462600
2015-03-18,49.683197021484375,70.7699966430664,71.41000366210938,68.08999633789062,68.45999908447266,1505500
2015-03-19,48.398475646972656,68.94000244140625,70.23999786376953,68.73999786376953,70.23999786376953,1697100
2015-03-20,48.76352310180664,69.45999908447266,69.73999786376953,68.7300033569336,69.0,1778200
2015-03-23,48.85478973388672,69.58999633789062,70.38999938964844,69.4000015258789,69.44000244140625,1373400
2015-03-24,48.60907745361328,69.23999786376953,69.77999877929688,69.05000305175781,69.36000061035156,728200
2015-03-25,48.33527374267578,68.8499984741211,69.81999969482422,68.66000366210938,69.4000015258789,1491400
2015-03-26,48.321258544921875,68.83000183105469,69.6500015258789,68.52999877929688,68.80999755859375,1515100
2015-03-27,48.23701095581055,68.70999908447266,69.30999755859375,68.06999969482422,68.91000366210938,1990900
2015-03-30,49.42345428466797,70.4000015258789,70.91000366210938,69.36000061035156,69.4000015258789,1379900
2015-03-31,48.62310791015625,69.26000213623047,70.12000274658203,69.01000213623047,69.62000274658203,1652400
2015-04-01,47.87895202636719,68.19999694824219,69.31999969482422,67.80000305175781,68.97000122070312,1621500
2015-04-02,47.787689208984375,68.06999969482422,68.72000122070312,67.73999786376953,68.12999725341797,1305800
2015-04-06,48.777584075927734,69.4800033569336,69.87999725341797,68.25,68.8499984741211,2323000
2015-04-07,49.07944869995117,69.91000366210938,70.08999633789062,69.4800033569336,69.54000091552734,1659200
2015-04-08,49.28302764892578,70.19999694824219,70.63999938964844,69.4000015258789,69.93000030517578,1823000
2015-04-09,50.47649383544922,71.9000015258789,72.05999755859375,70.01000213623047,70.44999694824219,1557400
2015-04-10,50.75730514526367,72.30000305175781,72.30999755859375,71.37999725341797,72.0,1470700
2015-04-13,50.63095474243164,72.12000274658203,72.47000122070312,71.94999694824219,72.37000274658203,1119800
2015-04-14,51.38914108276367,73.19999694824219,73.52999877929688,72.16000366210938,72.22000122070312,1693100
2015-04-15,52.87746810913086,75.31999969482422,75.5999984741211,73.44999694824219,73.58000183105469,2549800
2015-04-16,52.89854431152344,75.3499984741211,75.80000305175781,74.72000122070312,75.08000183105469,2379100
2015-04-17,53.256561279296875,75.86000061035156,77.66000366210938,74.94999694824219,76.69000244140625,2767700
2015-04-20,53.15126037597656,75.70999908447266,76.75,75.23999786376953,76.36000061035156,1715800
2015-04-21,52.32286834716797,74.52999877929688,75.87000274658203,73.8499984741211,75.69999694824219,1934900
2015-04-22,53.4110221862793,76.08000183105469,76.4000015258789,74.58000183105469,74.75,1761500
2015-04-23,52.86343002319336,75.30000305175781,76.47000122070312,75.29000091552734,75.93000030517578,1531400
2015-04-24,52.982765197753906,75.47000122070312,76.20999908447266,75.08000183105469,75.55000305175781,1120300
2015-04-27,53.319740295410156,75.94999694824219,76.29000091552734,75.33000183105469,75.52999877929688,1279700
2015-04-28,53.17935562133789,75.75,75.77999877929688,74.69999694824219,75.55000305175781,1246700
2015-04-29,53.55844497680664,76.29000091552734,76.37999725341797,75.12999725341797,75.18000030517578,1123700
2015-04-30,53.50930404663086,76.22000122070312,76.5,75.3499984741211,76.16000366210938,1639200
2015-05-01,55.278438568115234,78.73999786376953,79.43000030517578,76.2699966430664,76.94999694824219,2892100
2015-05-04,55.22228240966797,78.66000366210938,79.4000015258789,78.44000244140625,79.0,1986900
2015-05-05,55.840065002441406,79.54000091552734,80.93000030517578,79.33999633789062,79.4000015258789,2239600
2015-05-06,55.439903259277344,78.97000122070312,80.30999755859375,78.68000030517578,79.87999725341797,1683100
2015-05-07,54.97657775878906,78.30999755859375,78.83999633789062,78.08999633789062,78.73999786376953,1780400
2015-05-08,56.21917724609375,80.08000183105469,80.23999786376953,79.1500015258789,79.5199966430664,1738300
2015-05-11,56.233211517333984,80.0999984741211,80.52999877929688,79.33999633789062,79.88999938964844,2125300
2015-05-12,55.2503662109375,78.69999694824219,79.7699966430664,78.44999694824219,79.66000366210938,1160600
2015-05-13,54.955482482910156,78.27999877929688,78.8499984741211,78.01000213623047,78.75,1633400
2015-05-14,54.9063720703125,78.20999908447266,78.80000305175781,78.12000274658203,78.6500015258789,1454300
2015-05-15,54.934444427490234,78.25,78.33000183105469,77.4000015258789,78.05999755859375,1311700
2015-05-18,54.70978927612305,77.93000030517578,78.4800033569336,77.30999755859375,78.2699966430664,1019900
2015-05-19,54.09199905395508,77.05000305175781,78.08000183105469,76.6500015258789,77.61000061035156,1425000
2015-05-20,54.260475158691406,77.29000091552734,77.68000030517578,76.83000183105469,77.22000122070312,958700
2015-05-21,54.8502082824707,78.12999725341797,78.30000305175781,77.2699966430664,77.2699966430664,1065800
2015-05-22,54.801055908203125,78.05999755859375,78.81999969482422,77.83000183105469,78.02999877929688,839300
2015-05-26,53.63568115234375,76.4000015258789,77.83999633789062,76.0199966430664,77.83999633789062,1398200
2015-05-27,53.76203918457031,76.58000183105469,76.88999938964844,76.02999877929688,76.26000213623047,934300
2015-05-28,53.7129020690918,76.51000213623047,76.5999984741211,76.06999969482422,76.44000244140625,805100
2015-05-29,53.89543533325195,76.7699966430664,78.47000122070312,76.45999908447266,76.73999786376953,1970500
2015-06-01,53.82521057128906,76.66999816894531,77.52999877929688,75.91000366210938,77.43000030517578,1912300
2015-06-02,54.02177047729492,76.94999694824219,77.36000061035156,75.81999969482422,76.5199966430664,1700400
2015-06-03,54.9484748840332,78.2699966430664,78.68000030517578,76.98999786376953,77.23999786376953,1551000
2015-06-04,54.611507415771484,77.79000091552734,78.2300033569336,76.95999908447266,77.7699966430664,1567700
2015-06-05,54.253456115722656,77.27999877929688,77.80999755859375,76.87000274658203,77.48999786376953,1645000
2015-06-08,54.66065979003906,77.86000061035156,78.38999938964844,77.54000091552734,77.6500015258789,1532300
2015-06-09,54.64659118652344,77.83999633789062,78.30000305175781,77.48999786376953,78.0,1379500
2015-06-10,55.15908432006836,78.56999969482422,78.94999694824219,78.25,78.37000274658203,1055400
2015-06-11,55.0250244140625,77.9800033569336,78.51000213623047,77.76000213623047,78.23999786376953,761800
2015-06-12,54.912113189697266,77.81999969482422,78.05999755859375,77.27999877929688,77.86000061035156,696300
2015-06-15,54.799224853515625,77.66000366210938,77.69000244140625,76.29000091552734,77.08000183105469,999800
2015-06-16,55.27200698852539,78.33000183105469,78.4000015258789,77.26000213623047,77.61000061035156,712100
2015-06-17,55.709468841552734,78.94999694824219,79.0,78.08999633789062,78.5199966430664,1051500
2015-06-18,56.71146774291992,80.37000274658203,80.58999633789062,79.0,79.08999633789062,1730300
2015-06-19,56.78908157348633,80.4800033569336,81.25,80.2300033569336,80.51000213623047,2578500
2015-06-22,58.595516204833984,83.04000091552734,83.5199966430664,81.5999984741211,82.05000305175781,2482700
2015-06-23,58.567291259765625,83.0,83.2300033569336,82.72000122070312,82.88999938964844,1456000
2015-06-24,58.094520568847656,82.33000183105469,83.9000015258789,82.11000061035156,83.0999984741211,1303600
2015-06-25,58.666080474853516,83.13999938964844,83.44000244140625,82.43000030517578,82.44000244140625,1606000
2015-06-26,59.09652328491211,83.75,83.9000015258789,83.08000183105469,83.13999938964844,3164600
2015-06-29,58.2850341796875,82.5999984741211,83.13999938964844,82.22000122070312,82.66000366210938,2607200
2015-06-30,57.73463821411133,81.81999969482422,83.68000030517578,81.2699966430664,83.08999633789062,2121100
2015-07-01,57.191307067871094,81.05000305175781,82.79000091552734,80.7699966430664,82.79000091552734,1463900
2015-07-02,56.584468841552734,80.19000244140625,81.5,79.62999725341797,81.20999908447266,1928600
2015-07-06,55.36371612548828,78.45999908447266,79.8499984741211,78.2300033569336,79.2300033569336,1572100
2015-07-07,55.286102294921875,78.3499984741211,78.54000091552734,76.05000305175781,78.16999816894531,2675400
2015-07-08,53.529083251953125,75.86000061035156,78.12000274658203,75.79000091552734,78.12000274658203,1511000
2015-07-09,53.881900787353516,76.36000061035156,77.77999877929688,76.33000183105469,77.2300033569336,1087000
2015-07-10,54.46759033203125,77.19000244140625,77.86000061035156,76.86000061035156,77.25,1064300
2015-07-13,54.940364837646484,77.86000061035156,77.95999908447266,77.0999984741211,77.55000305175781,1019900
2015-07-14,55.928245544433594,79.26000213623047,79.31999969482422,77.37000274658203,77.5,1179700
2015-07-15,55.935279846191406,79.2699966430664,79.66000366210938,78.69000244140625,79.12000274658203,1756200
2015-07-16,56.189308166503906,79.62999725341797,79.86000061035156,78.4000015258789,79.43000030517578,1711200
2015-07-17,55.16615676879883,78.18000030517578,80.38999938964844,77.77999877929688,79.86000061035156,1639600
2015-07-20,54.25588607788086,76.88999938964844,77.94000244140625,76.77999877929688,77.79000091552734,1029600
2015-07-21,54.037132263183594,76.58000183105469,77.44000244140625,76.43000030517578,76.75,1448200
2015-07-22,53.41617965698242,75.69999694824219,76.76000213623047,75.51000213623047,76.5,1191100
2015-07-23,52.58354187011719,74.5199966430664,75.7300033569336,73.0199966430664,75.7300033569336,2619700
2015-07-24,51.89907455444336,73.55000305175781,74.79000091552734,73.06999969482422,74.5199966430664,1723600
2015-07-27,50.88296890258789,72.11000061035156,73.05000305175781,71.66000366210938,72.91000366210938,2550900
2015-07-28,54.34761428833008,77.0199966430664,78.44999694824219,73.73999786376953,73.87999725341797,4745700
2015-07-29,55.09556579589844,78.08000183105469,79.05000305175781,76.93000030517578,76.93000030517578,1677600
2015-07-30,55.4554443359375,78.58999633789062,78.75,77.43000030517578,78.18000030517578,1298800
2015-07-31,55.32137680053711,78.4000015258789,79.19999694824219,78.05999755859375,79.19999694824219,1416000
2015-08-03,54.72161102294922,77.55000305175781,78.48999786376953,77.0,78.23999786376953,1242500
2015-08-04,54.93330383300781,77.8499984741211,78.4800033569336,77.62999725341797,77.93000030517578,1223200
2015-08-05,54.404083251953125,77.0999984741211,78.98999786376953,77.08000183105469,78.6500015258789,899100
2015-08-06,54.42522430419922,77.12999725341797,77.54000091552734,76.45999908447266,77.19999694824219,1146000
2015-08-07,54.100643157958984,76.66999816894531,77.48999786376953,76.38999938964844,76.9800033569336,1048600
2015-08-10,56.28104019165039,79.76000213623047,79.80999755859375,76.69000244140625,77.25,1098900
2015-08-11,54.77806091308594,77.62999725341797,78.45999908447266,77.06999969482422,78.2699966430664,1504600
2015-08-12,54.67925262451172,77.48999786376953,77.7300033569336,76.30000305175781,76.86000061035156,1400300
2015-08-13,54.64398193359375,77.44000244140625,77.48999786376953,76.69000244140625,77.27999877929688,1206200
2015-08-14,53.980690002441406,76.5,77.41999816894531,76.30999755859375,77.19000244140625,1047100
2015-08-17,54.62281799316406,77.41000366210938,77.56999969482422,75.12999725341797,76.12000274658203,907000
2015-08-18,54.26295852661133,76.9000015258789,77.30000305175781,76.33999633789062,76.80000305175781,802300
2015-08-19,52.99278259277344,75.0999984741211,76.1500015258789,74.45999908447266,76.05999755859375,1255500
2015-08-20,52.13898849487305,73.88999938964844,75.55000305175781,73.55000305175781,74.70999908447266,1682700
2015-08-21,50.7912483215332,71.9800033569336,73.94000244140625,71.97000122070312,73.5,1222700
2015-08-24,48.624961853027344,68.91000366210938,71.79000091552734,63.849998474121094,69.30999755859375,1591600
2015-08-25,47.820552825927734,67.7699966430664,71.33000183105469,67.75,71.2699966430664,1913100
2015-08-26,49.30236053466797,69.87000274658203,70.29000091552734,68.12000274658203,69.38999938964844,2516200
2015-08-27,51.24989318847656,72.62999725341797,73.18000030517578,70.94999694824219,71.19999694824219,1789900
2015-08-28,51.30635070800781,72.70999908447266,73.56999969482422,71.98999786376953,71.98999786376953,1391600
2015-08-31,51.129940032958984,72.45999908447266,73.04000091552734,70.66999816894531,72.25,944600
2015-09-01,49.41526794433594,70.02999877929688,71.16000366210938,69.37999725341797,70.1500015258789,1403000
2015-09-02,49.60578918457031,70.30000305175781,71.58999633789062,69.18000030517578,71.56999969482422,1053400
2015-09-03,50.28318786621094,71.26000213623047,71.80000305175781,70.55999755859375,71.08999633789062,1520200
2015-09-04,49.06245040893555,69.52999877929688,70.54000091552734,69.33999633789062,69.66000366210938,1592900
2015-09-08,50.32552719116211,71.31999969482422,71.68000030517578,70.30000305175781,71.01000213623047,1170100
2015-09-09,49.6975212097168,70.43000030517578,73.31999969482422,70.33000183105469,72.6500015258789,1172600
2015-09-10,49.78976821899414,70.16000366210938,70.95999908447266,69.62999725341797,69.94000244140625,880600
2015-09-11,49.591060638427734,69.87999725341797,70.04000091552734,69.0999984741211,69.6500015258789,1133300
2015-09-14,49.03042221069336,69.08999633789062,69.83000183105469,68.51000213623047,69.80000305175781,728100
2015-09-15,49.7968635559082,70.16999816894531,70.25,69.06999969482422,69.33000183105469,937300
2015-09-16,50.627174377441406,71.33999633789062,71.54000091552734,70.01000213623047,70.01000213623047,868800
2015-09-17,50.19427490234375,70.7300033569336,72.20999908447266,70.54000091552734,71.12999725341797,868100
2015-09-18,49.14398193359375,69.25,70.1500015258789,68.69999694824219,69.25,1528600
2015-09-21,50.32910919189453,70.91999816894531,71.13999938964844,69.44999694824219,69.69000244140625,1137500
2015-09-22,49.293006896972656,69.45999908447266,69.88999938964844,68.70999908447266,69.5199966430664,1161000
2015-09-23,48.12206268310547,67.80999755859375,69.95999908447266,67.69999694824219,69.62000274658203,1037400
2015-09-24,47.795623779296875,67.3499984741211,67.66000366210938,65.0999984741211,66.94999694824219,1867500
2015-09-25,47.26338195800781,66.5999984741211,68.31999969482422,66.1500015258789,67.87999725341797,1637500
2015-09-28,44.9214973449707,63.29999923706055,66.18000030517578,63.2400016784668,65.95999908447266,1944300
2015-09-29,45.01375961303711,63.43000030517578,64.29000091552734,62.84000015258789,63.58000183105469,1477300
2015-09-30,45.92921829223633,64.72000122070312,65.62000274658203,63.90999984741211,64.12000274658203,1558800
2015-10-01,46.482765197753906,65.5,65.73999786376953,64.3499984741211,65.12999725341797,1263400
2015-10-02,47.07176971435547,66.33000183105469,66.4800033569336,63.84000015258789,64.62999725341797,1665600
2015-10-05,48.547882080078125,68.41000366210938,68.72000122070312,66.80999755859375,67.0199966430664,1083100
2015-10-06,49.66203689575195,69.9800033569336,70.13999938964844,68.43000030517578,68.62999725341797,1559600
2015-10-07,50.00267791748047,70.45999908447266,71.4000015258789,69.62000274658203,70.27999877929688,1716000
2015-10-08,50.740726470947266,71.5,71.80000305175781,70.29000091552734,70.4000015258789,1020400
2015-10-09,50.25814437866211,70.81999969482422,72.0999984741211,70.0,72.05999755859375,1288900
2015-10-12,50.39298629760742,71.01000213623047,71.20999908447266,70.12000274658203,70.93000030517578,653100
2015-10-13,50.30782699584961,70.88999938964844,71.62000274658203,69.7699966430664,70.2300033569336,996400
2015-10-14,50.1091194152832,70.61000061035156,71.0999984741211,69.80999755859375,70.08000183105469,1434500
2015-10-15,49.626548767089844,69.93000030517578,71.16999816894531,68.75,70.7699966430664,2304000
2015-10-16,48.98076629638672,69.0199966430664,70.7699966430664,68.44000244140625,70.2699966430664,1736000
2015-10-19,48.95945739746094,68.98999786376953,69.11000061035156,68.0,68.51000213623047,1232000
2015-10-20,49.6336555480957,69.94000244140625,71.05000305175781,68.66000366210938,68.9800033569336,1227800
2015-10-21,48.98076629638672,69.0199966430664,70.94999694824219,68.91999816894531,70.30999755859375,803900
2015-10-22,50.66264724731445,71.38999938964844,71.81999969482422,69.95999908447266,70.33000183105469,1510100
2015-10-23,51.66327667236328,72.80000305175781,73.19999694824219,71.41000366210938,71.94000244140625,1520000
2015-10-26,50.86845779418945,71.68000030517578,72.80000305175781,71.5999984741211,72.7300033569336,789300
2015-10-27,51.2161865234375,72.16999816894531,72.30999755859375,70.73999786376953,71.12999725341797,1682100
2015-10-28,52.28777313232422,73.68000030517578,73.70999908447266,71.88999938964844,72.13999938964844,1098100
2015-10-29,52.30906677246094,73.70999908447266,73.81999969482422,72.61000061035156,73.13999938964844,1471900
2015-10-30,51.2161865234375,72.16999816894531,72.86000061035156,71.0199966430664,72.79000091552734,1869600
2015-11-02,51.237483978271484,72.19999694824219,72.7699966430664,71.47000122070312,72.19000244140625,1202100
2015-11-03,51.58522415161133,72.69000244140625,73.27999877929688,71.72000122070312,72.0199966430664,1369900
2015-11-04,50.591697692871094,71.29000091552734,73.26000213623047,71.20999908447266,72.91999816894531,1347200
2015-11-05,50.144596099853516,70.66000366210938,71.38999938964844,70.0,71.0999984741211,1322700
2015-11-06,50.45687484741211,71.0999984741211,71.30999755859375,70.0,70.19999694824219,803000
2015-11-09,49.151065826416016,69.26000213623047,71.11000061035156,68.97000122070312,70.95999908447266,1212900
2015-11-10,48.69689178466797,68.62000274658203,69.56999969482422,67.80999755859375,69.11000061035156,1535700
2015-11-11,47.83820724487305,67.41000366210938,68.94999694824219,66.83999633789062,68.63999938964844,1792600
2015-11-12,47.84529113769531,67.41999816894531,67.8499984741211,66.01000213623047,66.73999786376953,1489300
2015-11-13,48.68269348144531,68.5999984741211,68.94000244140625,67.0,67.58999633789062,1597700
2015-11-16,49.39944076538086,69.61000061035156,69.68000030517578,68.4000015258789,68.5999984741211,1010000
2015-11-17,49.392372131347656,69.5999984741211,70.56999969482422,69.0199966430664,69.5199966430664,1471000
2015-11-18,50.82587432861328,71.62000274658203,71.69000244140625,69.69000244140625,69.8499984741211,1293900
2015-11-19,50.31492233276367,70.9000015258789,72.12999725341797,70.52999877929688,71.5,986800
2015-11-20,50.542015075683594,71.22000122070312,71.61000061035156,70.77999877929688,71.08999633789062,963800
2015-11-23,50.655548095703125,71.37999725341797,71.83999633789062,71.0,71.13999938964844,765300
2015-11-24,51.2161865234375,72.16999816894531,72.37000274658203,70.75,71.19000244140625,914400
2015-11-25,50.336212158203125,70.93000030517578,72.30000305175781,70.72000122070312,72.02999877929688,974400
2015-11-27,50.570396423339844,71.26000213623047,71.69000244140625,70.51000213623047,70.79000091552734,296800
2015-11-30,51.556827545166016,72.6500015258789,72.72000122070312,71.29000091552734,71.30000305175781,1301800
2015-12-01,51.478763580322266,72.54000091552734,72.94999694824219,70.52999877929688,72.80999755859375,1707700
2015-12-02,50.93941879272461,71.77999877929688,72.87999725341797,71.38999938964844,72.0,1013500
2015-12-03,50.48524475097656,71.13999938964844,72.51000213623047,70.95999908447266,71.91000366210938,1159200
2015-12-04,52.025203704833984,73.30999755859375,73.72000122070312,71.16999816894531,71.18000030517578,1396000
2015-12-07,50.31492233276367,70.9000015258789,72.75,70.3499984741211,72.05999755859375,1266300
2015-12-08,48.90270233154297,68.91000366210938,70.54000091552734,68.7699966430664,69.72000122070312,1196900
2015-12-09,50.30782699584961,70.88999938964844,71.4000015258789,68.4000015258789,68.4000015258789,1700200
2015-12-10,49.57925033569336,69.41000366210938,70.44000244140625,69.26000213623047,70.29000091552734,999700
2015-12-11,48.193511962890625,67.47000122070312,69.18000030517578,67.33999633789062,68.16000366210938,1483000
2015-12-14,47.643489837646484,66.69999694824219,67.66999816894531,65.87999725341797,67.08999633789062,1591000
2015-12-15,48.01493453979492,67.22000122070312,67.95999908447266,66.61000061035156,67.5,1322900
2015-12-16,48.94352340698242,68.5199966430664,68.52999877929688,66.94999694824219,67.55000305175781,1056600
2015-12-17,47.71493148803711,66.80000305175781,68.48999786376953,66.76000213623047,68.37999725341797,938100
2015-12-18,47.54349899291992,66.55999755859375,67.9000015258789,66.13999938964844,66.37000274658203,1781400
2015-12-21,47.67208480834961,66.73999786376953,67.7300033569336,66.31999969482422,66.83999633789062,961700
2015-12-22,48.21493148803711,67.5,68.18000030517578,66.5199966430664,66.98999786376953,991200
2015-12-23,49.4649658203125,69.25,69.29000091552734,67.44999694824219,68.16000366210938,982900
2015-12-24,49.22210693359375,68.91000366210938,69.44999694824219,68.79000091552734,69.12999725341797,424500
2015-12-28,48.722084045410156,68.20999908447266,68.55000305175781,67.69999694824219,68.4000015258789,500800
2015-12-29,49.33638381958008,69.06999969482422,69.37999725341797,68.48999786376953,68.79000091552734,532500
2015-12-30,48.42922592163086,67.80000305175781,68.70999908447266,67.63999938964844,68.41999816894531,704300
2015-12-31,48.222076416015625,67.51000213623047,68.25,67.27999877929688,67.44999694824219,565000
2016-01-04,47.59349060058594,66.62999725341797,66.66000366210938,65.12000274658203,66.5,1415500
2016-01-05,47.936363220214844,67.11000061035156,68.11000061035156,66.0999984741211,67.12999725341797,1335200
2016-01-06,47.007781982421875,65.80999755859375,66.72000122070312,65.18000030517578,65.93000030517578,1458900
2016-01-07,46.24347686767578,64.73999786376953,65.76000213623047,63.91999816894531,64.52999877929688,1699100
2016-01-08,45.472042083740234,63.65999984741211,65.7300033569336,63.470001220703125,64.97000122070312,1304600
2016-01-11,44.46488952636719,62.25,64.18000030517578,61.7400016784668,63.880001068115234,1510800
2016-01-12,45.00775146484375,63.0099983215332,63.47999954223633,61.439998626708984,63.099998474121094,1002400
2016-01-13,44.79344940185547,62.709999084472656,63.9900016784668,62.34000015258789,63.58000183105469,1187400
2016-01-14,45.68633270263672,63.959999084472656,64.23999786376953,62.16999816894531,62.88999938964844,1225100
2016-01-15,44.1005973815918,61.7400016784668,62.880001068115234,60.709999084472656,62.25,1525200
2016-01-19,43.70772933959961,61.189998626708984,62.7400016784668,60.310001373291016,62.59000015258789,1433000
2016-01-20,43.41487503051758,60.779998779296875,61.43000030517578,58.849998474121094,60.04999923706055,1433800
2016-01-21,43.7505989074707,61.25,62.4900016784668,60.029998779296875,60.70000076293945,1491100
2016-01-22,44.686317443847656,62.560001373291016,63.97999954223633,62.0,62.689998626708984,1134800
2016-01-25,43.40058898925781,60.7599983215332,62.619998931884766,60.630001068115234,62.130001068115234,1021000
2016-01-26,44.764896392822266,62.66999816894531,62.72999954223633,60.630001068115234,60.90999984741211,1522200
2016-01-27,44.2791633605957,61.9900016784668,63.22999954223633,61.43000030517578,62.220001220703125,1337400
2016-01-28,45.04346466064453,63.060001373291016,63.779998779296875,62.41999816894531,63.34000015258789,1697400
2016-01-29,43.722015380859375,61.209999084472656,61.43000030517578,56.029998779296875,57.86000061035156,5854600
2016-02-01,43.1862907409668,60.459999084472656,61.380001068115234,58.5,58.81999969482422,2574700
2016-02-02,41.957706451416016,58.7400016784668,59.459999084472656,58.13999938964844,59.20000076293945,1943700
2016-02-03,43.78629684448242,61.29999923706055,61.540000915527344,58.06999969482422,59.36000061035156,1817600
2016-02-04,43.82915496826172,61.36000061035156,62.5099983215332,61.029998779296875,61.43000030517578,2667600
2016-02-05,43.13629150390625,60.38999938964844,62.099998474121094,60.0099983215332,60.81999969482422,1889300
2016-02-08,41.97914505004883,58.77000045776367,60.27000045776367,58.11000061035156,59.81999969482422,2043400
2016-02-09,41.73628234863281,58.43000030517578,59.09000015258789,57.09000015258789,57.7400016784668,2323500
2016-02-10,41.893428802490234,58.650001525878906,59.779998779296875,57.93000030517578,58.619998931884766,1221700
2016-02-11,41.74342346191406,58.439998626708984,58.84000015258789,57.0,57.09000015258789,1231300
2016-02-12,43.32916259765625,60.65999984741211,60.81999969482422,58.0,58.869998931884766,1827500
2016-02-16,44.54346466064453,62.36000061035156,62.400001525878906,60.599998474121094,61.380001068115234,1479200
2016-02-17,45.60776138305664,63.849998474121094,64.4000015258789,63.0099983215332,63.06999969482422,1147200
2016-02-18,45.32917404174805,63.459999084472656,64.16000366210938,62.529998779296875,64.0999984741211,926700
2016-02-19,44.57203674316406,62.400001525878906,63.11000061035156,62.189998626708984,63.0,1115900
2016-02-22,46.086334228515625,64.5199966430664,64.55999755859375,63.52000045776367,63.54999923706055,849100
2016-02-23,44.94346618652344,62.91999816894531,64.48999786376953,62.709999084472656,64.04000091552734,838300
2016-02-24,45.61490249633789,63.86000061035156,63.939998626708984,61.529998779296875,62.11000061035156,869800
2016-02-25,46.100624084472656,64.54000091552734,64.55999755859375,63.0099983215332,63.86000061035156,1064800
2016-02-26,46.543487548828125,65.16000366210938,65.7699966430664,64.66999816894531,64.9800033569336,1104800
2016-02-29,45.82205581665039,64.1500015258789,65.7699966430664,64.13999938964844,65.1500015258789,1316000
2016-03-01,47.486358642578125,66.4800033569336,66.72000122070312,64.70999908447266,65.16000366210938,1367000
2016-03-02,48.10063552856445,67.33999633789062,67.43000030517578,65.83999633789062,66.27999877929688,1136100
2016-03-03,48.92209243774414,68.48999786376953,68.5999984741211,67.18000030517578,67.44000244140625,1777700
2016-03-04,49.76495361328125,69.66999816894531,70.22000122070312,68.16999816894531,68.68000030517578,1552800
2016-03-07,50.27925491333008,70.38999938964844,70.63999938964844,69.23999786376953,69.41999816894531,1233400
2016-03-08,49.19354248046875,68.87000274658203,69.98999786376953,68.69999694824219,69.55999755859375,1232400
2016-03-09,50.2578125,70.36000061035156,70.38999938964844,68.9800033569336,69.27999877929688,1421600
2016-03-10,49.564964294433594,69.38999938964844,70.47000122070312,68.48999786376953,70.16000366210938,1450200
2016-03-11,51.34822082519531,71.41000366210938,71.54000091552734,69.43000030517578,69.70999908447266,1700100
2016-03-14,50.427825927734375,70.12999725341797,70.83000183105469,69.62000274658203,70.55000305175781,1439600
2016-03-15,50.16178894042969,69.76000213623047,69.91999816894531,68.44999694824219,68.95999908447266,951900
2016-03-16,51.2619514465332,71.29000091552734,71.48999786376953,69.43000030517578,69.58999633789062,1137700
2016-03-17,53.0092658996582,73.72000122070312,73.91999816894531,71.7300033569336,71.95999908447266,1702200
2016-03-18,52.8438606262207,73.48999786376953,74.9800033569336,73.13999938964844,74.22000122070312,1955300
2016-03-21,52.93015670776367,73.61000061035156,73.81999969482422,72.55999755859375,73.75,1019100
2016-03-22,52.44119644165039,72.93000030517578,73.47000122070312,72.37000274658203,73.0999984741211,1186300
2016-03-23,52.22548294067383,72.62999725341797,73.18000030517578,72.27999877929688,72.68000030517578,939700
2016-03-24,52.37649154663086,72.83999633789062,72.8499984741211,70.88999938964844,71.6500015258789,1089500
2016-03-28,52.39805221557617,72.87000274658203,73.29000091552734,72.22000122070312,72.95999908447266,669900
2016-03-29,52.671302795410156,73.25,73.5,71.69999694824219,72.33000183105469,926200
2016-03-30,52.68568801879883,73.2699966430664,74.12999725341797,73.2300033569336,73.70999908447266,758500
2016-03-31,51.937870025634766,72.2300033569336,73.0999984741211,71.98999786376953,73.08999633789062,1685900
2016-04-01,52.96611785888672,73.66000366210938,73.80000305175781,71.29000091552734,71.9000015258789,1556300
2016-04-04,52.13200759887695,72.5,73.45999908447266,72.26000213623047,73.36000061035156,837500
2016-04-05,51.873130798339844,72.13999938964844,72.36000061035156,71.52999877929688,71.9800033569336,762400
2016-04-06,51.959442138671875,72.26000213623047,72.41000366210938,70.94000244140625,72.16999816894531,1249900
2016-04-07,51.19003677368164,71.19000244140625,72.05999755859375,70.54000091552734,71.6500015258789,1354600
2016-04-08,51.736507415771484,71.94999694824219,72.66999816894531,71.62999725341797,71.9000015258789,885200
2016-04-11,51.909088134765625,72.19000244140625,72.93000030517578,71.94000244140625,72.23999786376953,666100
2016-04-12,52.66410827636719,73.23999786376953,73.62000274658203,72.33000183105469,72.58999633789062,920400
2016-04-13,53.469459533691406,74.36000061035156,74.41000366210938,73.4800033569336,73.88999938964844,934400
2016-04-14,53.325660705566406,74.16000366210938,74.97000122070312,73.94999694824219,74.37999725341797,1170000
2016-04-15,53.670814514160156,74.63999938964844,74.97000122070312,73.87999725341797,74.19999694824219,950400
2016-04-18,53.771461486816406,74.77999877929688,74.94999694824219,73.66000366210938,73.9000015258789,1019500
2016-04-19,55.15205001831055,76.69999694824219,76.77999877929688,75.33000183105469,75.33000183105469,2306100
2016-04-20,55.32463836669922,76.94000244140625,77.2699966430664,75.75,76.51000213623047,1077200
2016-04-21,54.69905471801758,76.06999969482422,77.19999694824219,75.88999938964844,77.02999877929688,853500
2016-04-22,55.037017822265625,76.54000091552734,77.13999938964844,76.25,76.58000183105469,651700
2016-04-25,54.61277389526367,75.94999694824219,76.44999694824219,75.29000091552734,76.08999633789062,737600
2016-04-26,55.288692474365234,76.88999938964844,77.05999755859375,76.08999633789062,76.37000274658203,657900
2016-04-27,55.863956451416016,77.69000244140625,77.91000366210938,76.62999725341797,77.02999877929688,1161800
2016-04-28,56.23786544799805,78.20999908447266,78.79000091552734,76.7699966430664,76.98999786376953,2192300
2016-04-29,54.921966552734375,76.37999725341797,76.52999877929688,74.05000305175781,74.08999633789062,2665200
2016-05-02,55.41093063354492,77.05999755859375,77.97000122070312,75.3499984741211,75.97000122070312,2086700
2016-05-03,54.78535842895508,76.19000244140625,76.38999938964844,75.72000122070312,76.30000305175781,1033300
2016-05-04,54.61277389526367,75.94999694824219,77.12999725341797,75.26000213623047,75.69999694824219,1110900
2016-05-05,54.138187408447266,75.29000091552734,76.94000244140625,75.25,76.72000122070312,793900
2016-05-06,54.55524444580078,75.87000274658203,76.18000030517578,75.13999938964844,75.13999938964844,660300
2016-05-09,53.7642707824707,74.7699966430664,75.5999984741211,74.51000213623047,75.37999725341797,786700
2016-05-10,54.5192756652832,75.81999969482422,75.98999786376953,74.68000030517578,74.98999786376953,1150800
2016-05-11,54.20290756225586,75.37999725341797,76.12000274658203,75.27999877929688,75.86000061035156,787300
2016-05-12,53.78585433959961,74.80000305175781,76.5999984741211,74.61000061035156,76.12999725341797,1063600
2016-05-13,52.31177520751953,72.75,75.05000305175781,72.63999938964844,74.66999816894531,1912100
2016-05-16,53.12430191040039,73.87999725341797,74.27999877929688,73.0,73.12000274658203,921600
2016-05-17,54.08065414428711,75.20999908447266,75.98999786376953,73.30999755859375,73.79000091552734,1736000
2016-05-18,52.807918548583984,73.44000244140625,74.87999725341797,73.02999877929688,74.5,1072400
2016-05-19,52.50592041015625,73.0199966430664,73.86000061035156,72.61000061035156,73.05999755859375,869300
2016-05-20,52.69287109375,73.27999877929688,74.23999786376953,73.05999755859375,73.62000274658203,725000
2016-05-23,52.61377716064453,73.16999816894531,73.75,72.87000274658203,73.1500015258789,708600
2016-05-24,52.700069427490234,73.29000091552734,74.06999969482422,73.16000366210938,73.36000061035156,658300
2016-05-25,53.570125579833984,74.5,74.75,73.44999694824219,73.62000274658203,1121900
2016-05-26,52.97332000732422,73.66999816894531,75.01000213623047,73.41999816894531,74.62000274658203,637600
2016-05-27,53.03803253173828,73.76000213623047,74.2699966430664,73.33999633789062,73.62999725341797,614900
2016-05-31,52.750389099121094,73.36000061035156,74.19999694824219,73.08999633789062,73.7300033569336,869400
2016-06-01,53.153076171875,73.91999816894531,73.97000122070312,72.55000305175781,73.01000213623047,790300
2016-06-02,53.00206756591797,73.70999908447266,73.94999694824219,72.81999969482422,73.61000061035156,860800
2016-06-03,52.326141357421875,72.7699966430664,73.70999908447266,72.22000122070312,73.62999725341797,986300
2016-06-06,53.153076171875,73.91999816894531,74.2300033569336,72.94000244140625,73.12000274658203,1125000
2016-06-07,53.613258361816406,74.55999755859375,74.9800033569336,73.83000183105469,73.91000366210938,957100
2016-06-08,52.93735885620117,73.62000274658203,75.12999725341797,73.52999877929688,74.83000183105469,1450200
2016-06-09,51.61428451538086,71.77999877929688,72.70999908447266,71.51000213623047,72.5999984741211,1780700
2016-06-10,52.41963577270508,72.9000015258789,73.06999969482422,71.0,71.19000244140625,1982000
2016-06-13,52.5064697265625,72.55999755859375,74.1500015258789,71.80000305175781,72.26000213623047,1686000
2016-06-14,51.68876647949219,71.43000030517578,72.93000030517578,70.76000213623047,72.16999816894531,1150900
2016-06-15,51.86243438720703,71.66999816894531,72.68000030517578,71.51000213623047,71.62000274658203,1121400
2016-06-16,51.88414764404297,71.69999694824219,71.7699966430664,70.08999633789062,70.83999633789062,1092200
2016-06-17,51.659820556640625,71.38999938964844,72.51000213623047,71.13999938964844,71.77999877929688,2480900
2016-06-20,52.079524993896484,71.97000122070312,73.33999633789062,71.91999816894531,72.31999969482422,1307700
2016-06-21,52.151885986328125,72.06999969482422,72.26000213623047,71.23999786376953,72.20999908447266,1146100
2016-06-22,51.79730224609375,71.58000183105469,72.6500015258789,71.5,72.23999786376953,525100
2016-06-23,52.832088470458984,73.01000213623047,73.01000213623047,72.25,72.33999633789062,666400
2016-06-24,49.503414154052734,68.41000366210938,70.80000305175781,68.33000183105469,69.69999694824219,3050900
2016-06-27,47.621971130371094,65.80999755859375,67.52999877929688,65.19000244140625,67.37000274658203,2148900
2016-06-28,48.12849426269531,66.51000213623047,66.93000030517578,65.51000213623047,66.69000244140625,1545800
2016-06-29,48.70742416381836,67.30999755859375,67.69999694824219,66.47000122070312,67.47000122070312,2469400
2016-06-30,49.13435745239258,67.9000015258789,67.91000366210938,66.62000274658203,67.5999984741211,2829100
2016-07-01,49.3224983215332,68.16000366210938,69.27999877929688,67.91999816894531,68.02999877929688,1621000
2016-07-05,47.491722106933594,65.62999725341797,68.01000213623047,65.44999694824219,67.72000122070312,2208900
2016-07-06,47.817352294921875,66.08000183105469,66.12000274658203,64.19000244140625,65.31999969482422,2704600
2016-07-07,48.47584915161133,66.98999786376953,67.51000213623047,66.22000122070312,66.41000366210938,1783600
2016-07-08,49.58300018310547,68.5199966430664,69.94999694824219,67.7699966430664,67.91999816894531,1334700
2016-07-11,50.00270080566406,69.0999984741211,69.76000213623047,68.66000366210938,68.77999877929688,1157800
2016-07-12,50.91447067260742,70.36000061035156,70.58999633789062,69.88999938964844,69.88999938964844,1090700
2016-07-13,51.18946075439453,70.73999786376953,70.93000030517578,70.33000183105469,70.70999908447266,1043500
2016-07-14,51.88414764404297,71.69999694824219,71.9000015258789,70.94000244140625,71.55000305175781,1248200
2016-07-15,51.630863189697266,71.3499984741211,71.98999786376953,70.98999786376953,71.95999908447266,1073900
2016-07-18,52.101226806640625,72.0,72.1500015258789,70.94999694824219,71.19000244140625,840300
2016-07-19,51.667049407958984,71.4000015258789,71.9800033569336,71.3499984741211,71.48999786376953,788400
2016-07-20,52.02886199951172,71.9000015258789,72.2300033569336,71.06999969482422,71.47000122070312,972200
2016-07-21,52.1157112121582,72.0199966430664,72.0999984741211,71.26000213623047,71.9000015258789,894100
2016-07-22,52.05058288574219,71.93000030517578,72.5,71.52999877929688,71.94000244140625,1075200
2016-07-25,52.180843353271484,72.11000061035156,72.12999725341797,71.12999725341797,71.70999908447266,1008200
2016-07-26,50.64674377441406,69.98999786376953,71.93000030517578,69.18000030517578,71.93000030517578,1969000
2016-07-27,50.88553237915039,70.31999969482422,70.73999786376953,69.66999816894531,70.05999755859375,2048500
2016-07-28,50.921722412109375,70.37000274658203,70.81999969482422,69.37000274658203,69.83999633789062,1391900
2016-07-29,47.20226287841797,65.2300033569336,66.5199966430664,64.33999633789062,66.0,3741800
2016-08-01,47.16608428955078,65.18000030517578,65.86000061035156,64.70999908447266,65.19999694824219,1938600
2016-08-02,46.399044036865234,64.12000274658203,64.93000030517578,63.650001525878906,64.88999938964844,1748500
2016-08-03,46.977943420410156,64.91999816894531,65.12000274658203,63.81999969482422,64.1500015258789,1130100
2016-08-04,46.876644134521484,64.77999877929688,65.26000213623047,64.66000366210938,64.94999694824219,1241800
2016-08-05,47.30358123779297,65.37000274658203,65.5999984741211,65.01000213623047,65.12999725341797,1065800
2016-08-08,47.44106674194336,65.55999755859375,66.19000244140625,65.29000091552734,65.55000305175781,949400
2016-08-09,47.390419006347656,65.48999786376953,66.31999969482422,65.37000274658203,65.66999816894531,807000
2016-08-10,46.92005157470703,64.83999633789062,65.7300033569336,64.68000030517578,65.58999633789062,815000
2016-08-11,47.267398834228516,65.31999969482422,65.6500015258789,64.69999694824219,65.1500015258789,1212000
2016-08-12,46.88386917114258,64.79000091552734,65.62999725341797,64.55000305175781,65.2300033569336,1005400
2016-08-15,47.76670455932617,66.01000213623047,66.0999984741211,64.94000244140625,64.94000244140625,1259800
2016-08-16,47.36871337890625,65.45999908447266,66.5199966430664,65.41999816894531,66.11000061035156,1110800
2016-08-17,46.85493087768555,64.75,65.61000061035156,64.38999938964844,65.61000061035156,1362200
2016-08-18,46.948997497558594,64.87999725341797,65.47000122070312,64.5199966430664,64.97000122070312,1508400
2016-08-19,48.01273727416992,66.3499984741211,66.41999816894531,64.5199966430664,64.75,1132400
2016-08-22,48.222591400146484,66.63999938964844,66.80999755859375,65.62000274658203,65.87999725341797,984100
2016-08-23,48.52650451660156,67.05999755859375,67.5999984741211,66.77999877929688,66.97000122070312,1097500
2016-08-24,48.74360275268555,67.36000061035156,67.69000244140625,66.83999633789062,66.83999633789062,1126000
2016-08-25,49.01856231689453,67.73999786376953,68.18000030517578,67.31999969482422,67.38999938964844,1223300
2016-08-26,48.664005279541016,67.25,68.63999938964844,66.94000244140625,68.01000213623047,1087500
2016-08-29,49.2501335144043,68.05999755859375,68.23999786376953,66.83000183105469,67.16999816894531,859100
2016-08-30,49.39485549926758,68.26000213623047,69.43000030517578,68.02999877929688,68.05999755859375,1116500
2016-08-31,49.12711715698242,67.88999938964844,68.52999877929688,67.33000183105469,67.97000122070312,1355200
2016-09-01,49.040287017822266,67.7699966430664,68.3499984741211,67.08000183105469,67.87999725341797,1107300
2016-09-02,49.626434326171875,68.58000183105469,68.80000305175781,68.2300033569336,68.2300033569336,942700
2016-09-06,49.43104553222656,68.30999755859375,68.6500015258789,67.38999938964844,68.55000305175781,1304600
2016-09-07,48.33113479614258,66.79000091552734,67.72000122070312,66.37999725341797,67.19999694824219,2332400
2016-09-08,47.65816879272461,65.86000061035156,66.94999694824219,65.76000213623047,66.94999694824219,1654500
2016-09-09,46.8115119934082,64.69000244140625,65.91999816894531,64.31999969482422,65.36000061035156,1587700
2016-09-12,47.158843994140625,65.16999816894531,65.37000274658203,64.20999908447266,64.2699966430664,1521400
2016-09-13,46.80904006958008,64.2300033569336,64.62000274658203,63.29999923706055,64.08000183105469,1593300
2016-09-14,46.604976654052734,63.95000076293945,64.8499984741211,63.77000045776367,64.22000122070312,2652100
2016-09-15,47.18070983886719,64.73999786376953,64.83000183105469,63.900001525878906,64.01000213623047,2878800
2016-09-16,46.45195007324219,63.7400016784668,64.16999816894531,63.099998474121094,64.11000061035156,2681300
2016-09-19,47.22443389892578,64.80000305175781,64.95999908447266,64.11000061035156,64.62999725341797,1057900
2016-09-20,46.86005783081055,64.30000305175781,65.1500015258789,64.16000366210938,65.04000091552734,788900
2016-09-21,47.63255310058594,65.36000061035156,65.44000244140625,64.30000305175781,64.80999755859375,902600
2016-09-22,47.93135452270508,65.7699966430664,66.05999755859375,65.33999633789062,65.95999908447266,681600
2016-09-23,47.61798095703125,65.33999633789062,65.83000183105469,65.19000244140625,65.69999694824219,864500
2016-09-26,47.42849349975586,65.08000183105469,65.5199966430664,64.95999908447266,65.30999755859375,761600
2016-09-27,47.734580993652344,65.5,65.7300033569336,64.66000366210938,64.77999877929688,1807500
2016-09-28,48.66011047363281,66.7699966430664,66.87000274658203,65.36000061035156,65.87999725341797,1330800
2016-09-29,48.37588882446289,66.37999725341797,67.36000061035156,66.0999984741211,66.69999694824219,1137100
2016-09-30,49.32331466674805,67.68000030517578,68.0999984741211,66.76000213623047,66.86000061035156,1686000
2016-10-03,48.96620559692383,67.19000244140625,67.80999755859375,67.0199966430664,67.72000122070312,1182500
2016-10-04,48.44878387451172,66.4800033569336,67.87999725341797,66.33999633789062,66.72000122070312,876400
2016-10-05,48.94435119628906,67.16000366210938,67.52999877929688,66.88999938964844,66.94999694824219,831900
2016-10-06,49.33060073852539,67.69000244140625,67.7699966430664,66.80999755859375,66.97000122070312,990600
2016-10-07,48.44149398803711,66.47000122070312,67.91999816894531,66.0999984741211,67.9000015258789,1284600
2016-10-10,48.23015594482422,66.18000030517578,67.51000213623047,65.93000030517578,67.16000366210938,1356000
2016-10-11,47.59611892700195,65.30999755859375,65.91999816894531,64.88999938964844,65.87999725341797,1164900
2016-10-12,46.911067962646484,64.37000274658203,65.61000061035156,64.3499984741211,65.30999755859375,1264100
2016-10-13,46.03654479980469,63.16999816894531,63.779998779296875,62.70000076293945,63.5,3568300
2016-10-14,46.444664001464844,63.72999954223633,64.48999786376953,63.279998779296875,63.66999816894531,2356700
2016-10-17,46.269744873046875,63.4900016784668,64.25,63.349998474121094,63.77000045776367,1617300
2016-10-18,47.62526321411133,65.3499984741211,65.62999725341797,64.41000366210938,64.62000274658203,1891600
2016-10-19,48.17184829711914,66.0999984741211,66.18000030517578,65.16999816894531,65.69999694824219,1567900
2016-10-20,48.74757766723633,66.88999938964844,67.1500015258789,65.30999755859375,65.80000305175781,1340900
2016-10-21,48.733009338378906,66.87000274658203,67.30000305175781,66.29000091552734,66.3499984741211,1390100
2016-10-24,48.784019470214844,66.94000244140625,67.33000183105469,66.61000061035156,67.22000122070312,727100
2016-10-25,48.39048385620117,66.4000015258789,67.08999633789062,66.31999969482422,67.01000213623047,1094700
2016-10-26,48.878746032714844,67.06999969482422,67.16000366210938,66.0999984741211,66.26000213623047,1305600
2016-10-27,49.024497985839844,67.2699966430664,68.30999755859375,66.9000015258789,67.4800033569336,1787600
2016-10-28,52.46430587768555,71.98999786376953,72.63999938964844,69.33999633789062,70.04000091552734,4626400
2016-10-31,52.40601348876953,71.91000366210938,72.41999816894531,71.62000274658203,72.31999969482422,2369400
2016-11-01,52.52261734008789,72.06999969482422,73.20999908447266,71.55000305175781,72.37999725341797,1921400
2016-11-02,51.50232696533203,70.66999816894531,72.41000366210938,70.62999725341797,71.9800033569336,1839500
2016-11-03,52.027042388916016,71.38999938964844,71.97000122070312,70.69000244140625,71.05000305175781,1057400
2016-11-04,51.93232727050781,71.26000213623047,71.94999694824219,70.8499984741211,71.45999908447266,1111100
2016-11-07,52.73394775390625,72.36000061035156,73.1500015258789,71.95999908447266,72.44000244140625,1477200
2016-11-08,52.938018798828125,72.63999938964844,73.13999938964844,71.62000274658203,72.36000061035156,999400
2016-11-09,53.82712173461914,73.86000061035156,74.29000091552734,71.45999908447266,71.5,1771400
2016-11-10,55.19720458984375,75.73999786376953,75.83000183105469,73.94000244140625,74.37999725341797,1985200
2016-11-11,54.81096649169922,75.20999908447266,75.80000305175781,74.11000061035156,75.4000015258789,1555700
2016-11-14,54.111328125,74.25,75.51000213623047,73.86000061035156,75.27999877929688,1631300
2016-11-15,54.5485954284668,74.8499984741211,74.95999908447266,73.77999877929688,74.19000244140625,1110700
2016-11-16,54.05302810668945,74.16999816894531,74.73999786376953,74.0199966430664,74.4000015258789,977400
2016-11-17,54.27167510986328,74.47000122070312,74.73999786376953,73.76000213623047,74.44000244140625,1130100
2016-11-18,54.060325622558594,74.18000030517578,74.52999877929688,73.9800033569336,74.27999877929688,629900
2016-11-21,55.1607666015625,75.69000244140625,75.91999816894531,74.73999786376953,74.8499984741211,1615900
2016-11-22,55.393978118896484,76.01000213623047,76.0999984741211,75.05000305175781,75.7300033569336,1473400
2016-11-23,55.80208969116211,76.56999969482422,76.87999725341797,75.54000091552734,75.66999816894531,855400
2016-11-25,54.75993728637695,75.13999938964844,76.5999984741211,74.94999694824219,76.22000122070312,959000
2016-11-28,54.00931167602539,74.11000061035156,75.16000366210938,73.7699966430664,75.12000274658203,2132000
2016-11-29,53.7032356262207,73.69000244140625,74.4000015258789,73.5199966430664,73.7300033569336,1731100
2016-11-30,54.745357513427734,75.12000274658203,75.83999633789062,74.31999969482422,74.80000305175781,1980300
2016-12-01,54.227943420410156,74.41000366210938,76.02999877929688,74.18000030517578,75.62000274658203,1111200
2016-12-02,54.38827133178711,74.62999725341797,75.30999755859375,74.33000183105469,74.36000061035156,1127100
2016-12-05,54.752647399902344,75.12999725341797,75.87000274658203,74.80000305175781,75.22000122070312,1985500
2016-12-06,54.956729888916016,75.41000366210938,76.04000091552734,74.30999755859375,74.83000183105469,2170800
2016-12-07,56.042579650878906,76.9000015258789,76.93000030517578,74.98999786376953,75.55000305175781,1889200
2016-12-08,56.6766242980957,77.7699966430664,77.9800033569336,76.69000244140625,77.1500015258789,1868600
2016-12-09,56.26121520996094,77.19999694824219,77.66999816894531,76.83000183105469,77.48999786376953,1449100
2016-12-12,56.04987335205078,76.91000366210938,77.8499984741211,76.63999938964844,77.37000274658203,1300400
2016-12-13,56.541404724121094,77.06999969482422,77.27999877929688,76.45999908447266,76.5,1489600
2016-12-14,55.4922981262207,75.63999938964844,77.36000061035156,75.54000091552734,76.80000305175781,1869400
2016-12-15,56.394683837890625,76.87000274658203,76.93000030517578,75.04000091552734,75.3499984741211,1762800
2016-12-16,55.778419494628906,76.02999877929688,77.19999694824219,75.79000091552734,77.19999694824219,2338500
2016-12-19,55.91046905517578,76.20999908447266,76.26000213623047,75.75,75.86000061035156,888800
2016-12-20,55.95449447631836,76.2699966430664,76.62999725341797,75.97000122070312,76.51000213623047,664500
2016-12-21,56.04252624511719,76.38999938964844,76.87999725341797,75.9000015258789,76.41000366210938,739000
2016-12-22,55.70506286621094,75.93000030517578,76.63999938964844,75.47000122070312,76.13999938964844,602500
2016-12-23,56.1672477722168,76.55999755859375,76.63999938964844,75.61000061035156,75.91000366210938,597700
2016-12-27,56.108551025390625,76.4800033569336,76.8499984741211,76.20999908447266,76.51000213623047,490700
2016-12-28,55.44828796386719,75.58000183105469,77.33999633789062,75.55000305175781,76.87999725341797,615200
2016-12-29,55.404273986816406,75.5199966430664,76.1500015258789,75.3499984741211,75.76000213623047,515800
2016-12-30,55.176849365234375,75.20999908447266,75.86000061035156,74.91999816894531,75.76000213623047,569900
2017-01-03,55.69773483276367,75.91999816894531,76.62999725341797,74.9000015258789,75.83999633789062,1270600
2017-01-04,56.62211608886719,77.18000030517578,77.3499984741211,76.18000030517578,76.2699966430664,980600
2017-01-05,56.842201232910156,77.4800033569336,78.0199966430664,76.83000183105469,77.2699966430664,2053800
2017-01-06,56.85685729980469,77.5,77.9000015258789,76.97000122070312,77.62000274658203,1112200
2017-01-09,56.20393753051758,76.61000061035156,78.33000183105469,76.52999877929688,77.31999969482422,1233300
2017-01-10,56.73214340209961,77.33000183105469,77.62999725341797,76.55000305175781,76.81999969482422,1021700
2017-01-11,58.00868606567383,79.06999969482422,79.1500015258789,77.44000244140625,77.58999633789062,1656700
2017-01-12,57.45845413208008,78.31999969482422,79.2300033569336,76.98999786376953,78.70999908447266,1367400
2017-01-13,57.142982482910156,77.88999938964844,78.66000366210938,77.5999984741211,78.31999969482422,857900
2017-01-17,56.44602966308594,76.94000244140625,77.9000015258789,76.86000061035156,77.80000305175781,1475900
2017-01-18,56.62944793701172,77.19000244140625,77.54000091552734,76.81999969482422,77.20999908447266,1265800
2017-01-19,55.771087646484375,76.0199966430664,77.5,75.83000183105469,77.33000183105469,1933400
2017-01-20,56.2993049621582,76.73999786376953,77.61000061035156,76.0199966430664,76.5,2367000
2017-01-23,56.3213005065918,76.7699966430664,77.38999938964844,76.23999786376953,76.9000015258789,1018600
2017-01-24,57.38508987426758,78.22000122070312,78.55000305175781,77.01000213623047,77.2699966430664,1293900
2017-01-25,58.24345779418945,79.38999938964844,79.45999908447266,78.08000183105469,78.56999969482422,1630400
2017-01-26,58.90373611450195,80.29000091552734,80.4800033569336,78.87000274658203,79.38999938964844,2245600
2017-01-27,57.00360107421875,77.69999694824219,78.45999908447266,74.77999877929688,76.58999633789062,3752300
2017-01-30,56.94489669799805,77.62000274658203,77.75,76.62000274658203,76.98999786376953,1359100
2017-01-31,56.85685729980469,77.5,78.58000183105469,76.80999755859375,77.5999984741211,1626800
2017-02-01,57.443782806396484,78.30000305175781,78.58000183105469,77.55999755859375,77.80000305175781,1377700
2017-02-02,56.94489669799805,77.62000274658203,78.36000061035156,77.16000366210938,77.87999725341797,1151000
2017-02-03,57.15033721923828,77.9000015258789,78.69000244140625,77.58000183105469,77.75,1012800
2017-02-06,57.55382537841797,78.44999694824219,78.62999725341797,77.56999969482422,77.83000183105469,962300
2017-02-07,56.99625778198242,77.69000244140625,78.72000122070312,77.43000030517578,77.97000122070312,1104100
2017-02-08,57.11366271972656,77.8499984741211,77.87000274658203,77.13999938964844,77.62999725341797,711300
2017-02-09,57.575836181640625,78.4800033569336,78.7699966430664,77.8499984741211,77.8499984741211,665100
2017-02-10,58.221439361572266,79.36000061035156,79.5,78.87999725341797,78.91999816894531,789500
2017-02-13,58.734981536865234,80.05999755859375,80.41000366210938,79.5199966430664,79.63999938964844,916700
2017-02-14,59.116458892822266,80.58000183105469,80.63999938964844,79.56999969482422,79.5999984741211,812300
2017-02-15,59.33656692504883,80.87999725341797,80.91999816894531,80.06999969482422,80.37000274658203,1358700
2017-02-16,59.131134033203125,80.5999984741211,81.08000183105469,80.38999938964844,80.86000061035156,917600
2017-02-17,58.874393463134766,80.25,80.62999725341797,79.68000030517578,80.62999725341797,878800
2017-02-21,59.37325668334961,80.93000030517578,81.05000305175781,80.16000366210938,80.2300033569336,1046700
2017-02-22,59.02843475341797,80.45999908447266,81.44999694824219,80.3499984741211,80.47000122070312,996000
2017-02-23,58.7936897277832,80.13999938964844,81.20999908447266,79.91000366210938,80.93000030517578,728800
2017-02-24,58.80836868286133,80.16000366210938,80.23999786376953,79.3499984741211,79.44000244140625,643700
2017-02-27,58.668968200683594,79.97000122070312,80.70999908447266,79.77999877929688,80.25,803400
2017-02-28,58.874393463134766,80.25,80.41999816894531,79.4000015258789,79.56999969482422,983600
2017-03-01,59.76941680908203,81.47000122070312,82.0999984741211,81.16999816894531,81.19999694824219,1434400
2017-03-02,58.47821044921875,79.70999908447266,81.72000122070312,79.68000030517578,81.36000061035156,1410100
2017-03-03,58.947750091552734,80.3499984741211,80.44999694824219,79.70999908447266,79.80000305175781,1133700
2017-03-06,58.346168518066406,79.52999877929688,80.05999755859375,79.22000122070312,79.58999633789062,836800
2017-03-07,57.89863967895508,78.91999816894531,79.62999725341797,78.91000366210938,79.4800033569336,980500
2017-03-08,57.45845413208008,78.31999969482422,79.27999877929688,78.30000305175781,78.93000030517578,914700
2017-03-09,56.8862190246582,77.54000091552734,78.33000183105469,77.26000213623047,78.0,1175600
2017-03-10,56.9522590637207,77.62999725341797,78.30999755859375,77.44999694824219,77.9000015258789,1386100
2017-03-13,57.32888412475586,77.62999725341797,78.0199966430664,76.69000244140625,77.5,2277600
2017-03-14,57.085166931152344,77.30000305175781,77.5199966430664,76.66000366210938,77.30999755859375,851300
2017-03-15,58.07473373413086,78.63999938964844,78.91999816894531,77.54000091552734,78.2699966430664,997400
2017-03-16,58.25937271118164,78.88999938964844,79.33999633789062,78.13999938964844,78.91999816894531,970800
2017-03-17,58.46614456176758,79.16999816894531,79.77999877929688,78.94000244140625,79.30000305175781,1355700
2017-03-20,58.2150764465332,78.83000183105469,79.43000030517578,78.56999969482422,79.16999816894531,994500
2017-03-21,57.23285675048828,77.5,79.18000030517578,77.19999694824219,78.91000366210938,1176400
2017-03-22,57.469181060791016,77.81999969482422,78.0199966430664,76.83999633789062,77.41000366210938,1261500
2017-03-23,57.62427520751953,78.02999877929688,78.4800033569336,77.25,77.80999755859375,854000
2017-03-24,56.99656295776367,77.18000030517578,78.48999786376953,76.80000305175781,78.04000091552734,816800
2017-03-27,57.55043029785156,77.93000030517578,78.16000366210938,76.0199966430664,76.54000091552734,954500
2017-03-28,58.953548431396484,79.83000183105469,80.22000122070312,77.93000030517578,77.93000030517578,2743300
2017-03-29,59.41878890991211,80.45999908447266,80.87000274658203,79.7300033569336,79.9000015258789,1436900
2017-03-30,59.87665557861328,81.08000183105469,81.80999755859375,80.27999877929688,80.45999908447266,1927700
2017-03-31,59.669898986816406,80.80000305175781,81.30000305175781,80.44000244140625,80.83000183105469,1583300
2017-04-03,59.04955291748047,79.95999908447266,81.19000244140625,79.41000366210938,80.83999633789062,969300
2017-04-04,59.26373291015625,80.25,80.72000122070312,79.6500015258789,79.94999694824219,835700
2017-04-05,58.8723258972168,79.72000122070312,81.08999633789062,79.5199966430664,80.86000061035156,1076600
2017-04-06,59.23419189453125,80.20999908447266,80.48999786376953,79.66999816894531,79.81999969482422,827600
2017-04-07,59.33019256591797,80.33999633789062,80.5,79.58000183105469,79.86000061035156,673000
2017-04-10,59.322784423828125,80.33000183105469,80.7300033569336,80.12000274658203,80.47000122070312,493100
2017-04-11,59.20463180541992,80.16999816894531,80.66999816894531,79.45999908447266,80.29000091552734,681700
2017-04-12,58.111671447753906,78.69000244140625,80.19000244140625,78.2300033569336,80.16000366210938,1127800
2017-04-13,57.55043029785156,77.93000030517578,79.0199966430664,77.77999877929688,78.5,585100
2017-04-17,57.81626510620117,78.29000091552734,78.55000305175781,77.88999938964844,78.0999984741211,607700
2017-04-18,58.148590087890625,78.73999786376953,78.87000274658203,77.61000061035156,77.93000030517578,985700
2017-04-19,58.03043746948242,78.58000183105469,79.5,78.44999694824219,79.0999984741211,1024800
2017-04-20,58.813236236572266,79.63999938964844,79.97000122070312,78.83999633789062,79.16000366210938,828600
2017-04-21,58.56953430175781,79.30999755859375,79.91000366210938,79.08000183105469,79.83999633789062,643300
2017-04-24,59.98741912841797,81.2300033569336,81.73999786376953,80.26000213623047,80.2699966430664,1388700
2017-04-25,60.282840728759766,81.62999725341797,82.38999938964844,81.51000213623047,81.87999725341797,1080300
2017-04-26,60.142539978027344,81.44000244140625,81.73999786376953,81.05000305175781,81.47000122070312,929900
2017-04-27,60.304996490478516,81.66000366210938,81.91000366210938,80.75,81.16999816894531,1450400
2017-04-28,58.894493103027344,79.75,82.19999694824219,79.63999938964844,82.08000183105469,1826600
2017-05-01,59.35234832763672,80.37000274658203,80.69999694824219,79.80000305175781,80.12999725341797,1138200
2017-05-02,59.02740478515625,79.93000030517578,80.86000061035156,79.47000122070312,80.02999877929688,1179600
2017-05-03,58.03043746948242,78.58000183105469,80.06999969482422,77.98999786376953,79.80999755859375,1111200
2017-05-04,57.68333435058594,78.11000061035156,78.66999816894531,77.7300033569336,78.58999633789062,965700
2017-05-05,58.791072845458984,79.61000061035156,79.63999938964844,78.2300033569336,78.37000274658203,914500
2017-05-08,58.547393798828125,79.27999877929688,79.88999938964844,79.1500015258789,79.72000122070312,1919300
2017-05-09,57.89011764526367,78.38999938964844,79.70999908447266,78.23999786376953,79.27999877929688,1138500
2017-05-10,58.163368225097656,78.76000213623047,79.19000244140625,78.44999694824219,78.4800033569336,1108300
2017-05-11,57.49135208129883,77.8499984741211,78.83999633789062,77.36000061035156,78.66999816894531,1286800
2017-05-12,57.24024963378906,77.51000213623047,78.2699966430664,77.44000244140625,77.7699966430664,899600
2017-05-15,58.059974670410156,78.62000274658203,79.0999984741211,77.94999694824219,78.0199966430664,866100
2017-05-16,58.75416946411133,79.55999755859375,79.86000061035156,78.72000122070312,78.72000122070312,1286000
2017-05-17,57.055633544921875,77.26000213623047,79.55999755859375,77.12000274658203,79.55999755859375,1289500
2017-05-18,57.04823303222656,77.25,77.80000305175781,76.11000061035156,76.88999938964844,862300
2017-05-19,58.02305221557617,78.56999969482422,78.94999694824219,77.4800033569336,77.69999694824219,1025300
2017-05-22,58.34062194824219,79.0,79.73999786376953,78.38999938964844,79.31999969482422,1521300
2017-05-23,58.776309967041016,79.58999633789062,80.0,78.98999786376953,79.2699966430664,1093500
2017-05-24,58.71723937988281,79.51000213623047,80.30000305175781,79.12999725341797,79.56999969482422,861600
2017-05-25,58.83540344238281,79.66999816894531,80.1500015258789,79.18000030517578,79.6500015258789,1108300
2017-05-26,59.012630462646484,79.91000366210938,80.41000366210938,79.41000366210938,79.83999633789062,832300
2017-05-30,59.04955291748047,79.95999908447266,80.11000061035156,79.2300033569336,79.73999786376953,1536200
2017-05-31,59.16032028198242,80.11000061035156,80.18000030517578,78.58999633789062,79.87999725341797,1594600
2017-06-01,59.92837142944336,81.1500015258789,82.1500015258789,80.36000061035156,80.55999755859375,1724200
2017-06-02,59.898807525634766,81.11000061035156,81.3499984741211,80.48999786376953,80.69999694824219,1379400
2017-06-05,59.477867126464844,80.54000091552734,81.2699966430664,80.0999984741211,80.83000183105469,1392400
2017-06-06,59.28587341308594,80.27999877929688,80.76000213623047,79.93000030517578,80.2300033569336,967700
2017-06-07,59.64036560058594,80.76000213623047,81.12000274658203,80.04000091552734,80.48999786376953,1095700
2017-06-08,60.076053619384766,81.3499984741211,81.76000213623047,80.36000061035156,80.76000213623047,956600
2017-06-09,60.969627380371094,82.55999755859375,82.94000244140625,81.33000183105469,81.7699966430664,1075400
2017-06-12,61.35365295410156,83.08000183105469,83.91999816894531,82.4800033569336,82.62999725341797,1792400
2017-06-13,62.29730987548828,83.83999633789062,84.06999969482422,82.62000274658203,82.76000213623047,1653600
2017-06-14,61.58399200439453,82.87999725341797,83.81999969482422,82.19999694824219,83.69999694824219,1384300
2017-06-15,61.16044616699219,82.30999755859375,82.69000244140625,81.38999938964844,81.81999969482422,1212200
2017-06-16,61.71030807495117,83.05000305175781,83.05999755859375,81.95999908447266,82.55000305175781,1709700
2017-06-19,63.90230941772461,86.0,86.27999877929688,84.75,84.79000091552734,2223600
2017-06-20,63.255859375,85.12999725341797,85.94000244140625,84.7699966430664,85.19999694824219,1741300
2017-06-21,61.84406280517578,83.2300033569336,85.36000061035156,83.11000061035156,85.36000061035156,1144000
2017-06-22,61.561683654785156,82.8499984741211,83.55000305175781,82.72000122070312,83.23999786376953,966500
2017-06-23,61.65085983276367,82.97000122070312,83.44000244140625,82.33000183105469,83.08000183105469,1772700
2017-06-26,62.2155647277832,83.7300033569336,83.83000183105469,82.54000091552734,83.44000244140625,920500
2017-06-27,62.05953598022461,83.5199966430664,84.16000366210938,83.5,83.79000091552734,597800
2017-06-28,62.609397888183594,84.26000213623047,84.91000366210938,84.13999938964844,84.20999908447266,725900
2017-06-29,61.970375061035156,83.4000015258789,84.98999786376953,83.08999633789062,84.83000183105469,783500
2017-06-30,62.40875244140625,83.98999786376953,84.44999694824219,83.4800033569336,83.88999938964844,708700
2017-07-03,62.78773498535156,84.5,85.11000061035156,84.37999725341797,84.61000061035156,376500
2017-07-05,62.08924865722656,83.55999755859375,84.77999877929688,82.56999969482422,84.54000091552734,1290000
2017-07-06,62.11897277832031,83.5999984741211,84.44000244140625,83.04000091552734,83.36000061035156,1239200
2017-07-07,62.34188461303711,83.9000015258789,84.0999984741211,83.37999725341797,83.98999786376953,897300
2017-07-10,62.891761779785156,84.63999938964844,84.87999725341797,83.29000091552734,83.62999725341797,634500
2017-07-11,63.15922546386719,85.0,85.29000091552734,84.3499984741211,84.66000366210938,790700
2017-07-12,63.75367736816406,85.80000305175781,86.05999755859375,84.9800033569336,85.4800033569336,1278900
2017-07-13,63.270694732666016,85.1500015258789,86.06999969482422,85.08000183105469,85.8499984741211,739900
2017-07-14,63.456485748291016,85.4000015258789,85.70999908447266,85.06999969482422,85.52999877929688,653300
2017-07-17,63.33758544921875,85.23999786376953,85.5999984741211,85.05000305175781,85.30999755859375,505900
2017-07-18,63.21870040893555,85.08000183105469,85.22000122070312,84.4800033569336,85.04000091552734,593000
2017-07-19,64.0137939453125,86.1500015258789,86.30999755859375,85.11000061035156,85.23999786376953,828100
2017-07-20,63.66452407836914,85.68000030517578,86.08999633789062,85.0,86.08999633789062,536800
2017-07-21,63.642234802246094,85.6500015258789,85.7699966430664,85.12000274658203,85.19000244140625,610100
2017-07-24,63.75367736816406,85.80000305175781,85.98999786376953,85.22000122070312,85.63999938964844,526900
2017-07-25,63.99144744873047,86.12000274658203,86.5999984741211,85.52999877929688,86.5,765100
2017-07-26,63.19639205932617,85.05000305175781,86.22000122070312,84.94000244140625,86.16000366210938,915400
2017-07-27,63.17411422729492,85.0199966430664,85.27999877929688,84.22000122070312,85.11000061035156,1347300
2017-07-28,61.6954460144043,83.02999877929688,84.41999816894531,81.91000366210938,84.0,1683700
2017-07-31,61.79204177856445,83.16000366210938,84.16000366210938,83.12999725341797,83.5999984741211,1074000
2017-08-01,62.16355514526367,83.66000366210938,83.86000061035156,82.9000015258789,83.33000183105469,952600
2017-08-02,62.327022552490234,83.87999725341797,84.30000305175781,83.11000061035156,83.45999908447266,961900
2017-08-03,62.35676193237305,83.91999816894531,84.41999816894531,83.75,84.01000213623047,947000
2017-08-04,62.46820831298828,84.06999969482422,84.95999908447266,83.87000274658203,84.47000122070312,1366200
2017-08-07,62.750572204589844,84.44999694824219,85.12000274658203,84.11000061035156,84.1500015258789,867100
2017-08-08,62.50537109375,84.12000274658203,84.88999938964844,83.75,84.1500015258789,657700
2017-08-09,62.609397888183594,84.26000213623047,84.63999938964844,83.79000091552734,84.06999969482422,803700
2017-08-10,61.858909606933594,83.25,84.0999984741211,83.0999984741211,83.7699966430664,1003900
2017-08-11,61.829200744628906,83.20999908447266,83.6500015258789,82.33000183105469,83.05999755859375,1083800
2017-08-14,62.609397888183594,84.26000213623047,84.63999938964844,83.69000244140625,83.72000122070312,546200
2017-08-15,63.04037857055664,84.83999633789062,84.95999908447266,83.05000305175781,84.29000091552734,766900
2017-08-16,63.359893798828125,85.2699966430664,85.61000061035156,85.0,85.0,974200
2017-08-17,61.50224304199219,82.7699966430664,84.87000274658203,82.68000030517578,84.75,1426700
2017-08-18,61.59882736206055,82.9000015258789,83.25,82.4000015258789,82.7300033569336,1015400
2017-08-21,61.76974105834961,83.12999725341797,83.44000244140625,82.58000183105469,82.93000030517578,1616700
2017-08-22,62.52022933959961,84.13999938964844,84.58999633789062,83.5,83.5,798500
2017-08-23,62.69856643676758,84.37999725341797,84.91999816894531,83.77999877929688,83.77999877929688,684100
2017-08-24,63.02549743652344,84.81999969482422,85.12999725341797,84.16999816894531,84.36000061035156,809300
2017-08-25,63.062660217285156,84.87000274658203,85.44999694824219,84.80000305175781,85.1500015258789,445700
2017-08-28,63.478759765625,85.43000030517578,85.5199966430664,84.61000061035156,85.22000122070312,738600
2017-08-29,62.839752197265625,84.56999969482422,85.13999938964844,84.1500015258789,84.8499984741211,661400
2017-08-30,63.71650695800781,85.75,85.86000061035156,84.51000213623047,84.8499984741211,1962400
2017-08-31,64.05089569091797,86.19999694824219,86.79000091552734,85.87999725341797,86.04000091552734,1004000
2017-09-01,64.8757095336914,87.30999755859375,87.5199966430664,86.54000091552734,86.58000183105469,1251400
2017-09-05,63.359893798828125,85.2699966430664,87.54000091552734,85.0999984741211,87.29000091552734,1519400
2017-09-06,63.211265563964844,85.06999969482422,85.81999969482422,84.62999725341797,85.13999938964844,1699400
2017-09-07,63.03293991088867,84.83000183105469,85.16999816894531,84.58000183105469,85.05999755859375,744200
2017-09-08,63.03293991088867,84.83000183105469,85.26000213623047,84.4800033569336,84.58000183105469,1009300
2017-09-11,63.59764862060547,85.58999633789062,85.91999816894531,85.31999969482422,85.62000274658203,983600
2017-09-12,64.05089569091797,86.19999694824219,86.41999816894531,85.76000213623047,85.87000274658203,1401400
2017-09-13,63.60506820678711,85.5999984741211,86.26000213623047,85.12999725341797,86.06999969482422,885900
2017-09-14,63.57516860961914,85.05000305175781,85.33999633789062,84.87999725341797,85.0999984741211,1066700
2017-09-15,63.50791549682617,84.95999908447266,85.12999725341797,84.41999816894531,85.0,2069500
2017-09-18,63.84428787231445,85.41000366210938,85.69999694824219,85.0,85.08000183105469,798500
2017-09-19,64.78611755371094,86.66999816894531,86.86000061035156,85.0999984741211,85.51000213623047,1499600
2017-09-20,64.32268524169922,86.05000305175781,87.26000213623047,85.54000091552734,86.83999633789062,2109700
2017-09-21,64.13579559326172,85.80000305175781,85.98999786376953,85.54000091552734,85.87000274658203,671300
2017-09-22,64.64412689208984,86.4800033569336,86.56999969482422,85.63999938964844,85.80000305175781,617700
2017-09-25,65.52616119384766,87.66000366210938,87.87000274658203,86.23999786376953,86.47000122070312,1292900
2017-09-26,64.91319274902344,86.83999633789062,87.9800033569336,86.76000213623047,87.77999877929688,1937500
2017-09-27,65.29444122314453,87.3499984741211,87.88999938964844,86.55999755859375,87.36000061035156,805500
2017-09-28,67.24542999267578,89.95999908447266,89.95999908447266,87.93000030517578,88.48999786376953,1593100
2017-09-29,67.64159393310547,90.48999786376953,90.97000122070312,89.54000091552734,89.98999786376953,2036800
2017-10-02,68.00788116455078,90.9800033569336,91.06999969482422,89.5,90.37999725341797,1344700
2017-10-03,68.22467041015625,91.2699966430664,91.38999938964844,90.23999786376953,91.19999694824219,1036700
2017-10-04,67.05107116699219,89.69999694824219,91.37999725341797,88.7699966430664,91.26000213623047,2186900
2017-10-05,67.89574432373047,90.83000183105469,91.3499984741211,89.69999694824219,90.08999633789062,1361600
2017-10-06,68.02281951904297,91.0,91.04000091552734,90.0199966430664,90.16999816894531,971700
2017-10-09,67.01370239257812,89.6500015258789,91.37999725341797,89.58000183105469,91.0999984741211,956200
2017-10-10,66.36334991455078,88.77999877929688,89.30000305175781,88.05000305175781,88.98999786376953,1359100
2017-10-11,65.89244079589844,88.1500015258789,88.61000061035156,87.55999755859375,88.56999969482422,1090100
2017-10-12,66.0494155883789,88.36000061035156,88.55000305175781,87.73999786376953,87.7699966430664,829000
2017-10-13,66.26619720458984,88.6500015258789,89.18000030517578,88.55000305175781,88.9000015258789,787600
2017-10-16,65.68313598632812,87.87000274658203,89.08999633789062,87.44999694824219,89.0,1298000
2017-10-17,65.2570571899414,87.30000305175781,87.97000122070312,86.58000183105469,87.5999984741211,2031000
2017-10-18,65.82518005371094,88.05999755859375,88.4000015258789,87.04000091552734,87.3499984741211,1261400
2017-10-19,66.37085723876953,88.79000091552734,89.19999694824219,87.30000305175781,87.80999755859375,1555900
2017-10-20,66.3932876586914,88.81999969482422,89.66999816894531,88.79000091552734,89.66999816894531,1194800
2017-10-23,66.28114318847656,88.66999816894531,89.26000213623047,88.43000030517578,88.91000366210938,726500
2017-10-24,67.62665557861328,90.47000122070312,91.0199966430664,89.01000213623047,89.01000213623047,1127800
2017-10-25,67.74625396728516,90.62999725341797,91.02999877929688,89.69999694824219,90.19000244140625,1518500
2017-10-26,68.052734375,91.04000091552734,91.66999816894531,90.77999877929688,91.06999969482422,1868200
2017-10-27,69.51782989501953,93.0,94.95999908447266,90.54000091552734,93.62999725341797,2843000
2017-10-30,68.63578796386719,91.81999969482422,93.3499984741211,91.7699966430664,92.51000213623047,1593900
2017-10-31,67.88080596923828,90.80999755859375,92.12000274658203,90.76000213623047,92.12000274658203,1298100
2017-11-01,68.00788116455078,90.9800033569336,91.55000305175781,90.29000091552734,91.45999908447266,957000
2017-11-02,68.12001037597656,91.12999725341797,91.33999633789062,89.75,91.08999633789062,1119300
2017-11-03,68.26200866699219,91.31999969482422,91.68000030517578,90.86000061035156,91.33999633789062,556300
2017-11-06,67.54443359375,90.36000061035156,91.13999938964844,90.13999938964844,91.13999938964844,883700
2017-11-07,67.7313232421875,90.61000061035156,91.12000274658203,90.16000366210938,90.41999816894531,722300
2017-11-08,67.71633911132812,90.58999633789062,91.11000061035156,89.9000015258789,90.36000061035156,859100
2017-11-09,67.26038360595703,89.9800033569336,90.29000091552734,89.01000213623047,89.81999969482422,848300
2017-11-10,67.8359603881836,90.75,90.77999877929688,89.93000030517578,89.97000122070312,798200
2017-11-13,68.34428405761719,91.43000030517578,91.62999725341797,90.25,90.25,870800
2017-11-14,67.45472717285156,90.23999786376953,90.86000061035156,89.58999633789062,90.69999694824219,1002500
2017-11-15,66.9389419555664,89.55000305175781,90.0999984741211,88.8499984741211,90.0999984741211,2355700
2017-11-16,67.387451171875,90.1500015258789,90.33000183105469,89.61000061035156,89.87999725341797,814700
2017-11-17,67.08096313476562,89.73999786376953,90.23999786376953,89.30000305175781,89.69999694824219,1590900
2017-11-20,67.31272888183594,90.05000305175781,90.19000244140625,89.36000061035156,89.58000183105469,698300
2017-11-21,68.0302963256836,91.01000213623047,91.06999969482422,89.81999969482422,90.31999969482422,857800
2017-11-22,67.94808197021484,90.9000015258789,91.37999725341797,90.9000015258789,91.29000091552734,704500
2017-11-24,68.1274642944336,91.13999938964844,91.38999938964844,90.70999908447266,91.23999786376953,242300
2017-11-27,67.94059753417969,90.88999938964844,91.19000244140625,90.70999908447266,91.13999938964844,621400
2017-11-28,68.53860473632812,91.69000244140625,91.69000244140625,90.7300033569336,91.02999877929688,847900
2017-11-29,68.32929992675781,91.41000366210938,91.73999786376953,90.54000091552734,91.69999694824219,840400
2017-11-30,69.04689025878906,92.37000274658203,93.0,91.54000091552734,91.73999786376953,1304500
2017-12-01,68.75536346435547,91.9800033569336,92.87999725341797,90.91999816894531,92.63999938964844,1275300
2017-12-04,68.32183837890625,91.4000015258789,92.69000244140625,91.38999938964844,92.5199966430664,1172300
2017-12-05,68.1723403930664,91.19999694824219,91.47000122070312,89.63999938964844,91.20999908447266,1179400
2017-12-06,67.7313232421875,90.61000061035156,91.62000274658203,90.45999908447266,91.0199966430664,1421400
2017-12-07,68.3965835571289,91.5,91.5999984741211,90.2300033569336,90.75,968700
2017-12-08,68.90487670898438,92.18000030517578,92.6500015258789,91.62000274658203,92.0999984741211,1016200
2017-12-11,69.36833953857422,92.80000305175781,93.41999816894531,92.2300033569336,92.33999633789062,905100
2017-12-12,69.53280639648438,93.0199966430664,93.72000122070312,92.80999755859375,93.0199966430664,869300
2017-12-13,69.57764434814453,93.08000183105469,93.47000122070312,92.80000305175781,93.01000213623047,942100
2017-12-14,68.0302963256836,91.01000213623047,93.0999984741211,90.91000366210938,93.0199966430664,1342700
2017-12-15,67.86481475830078,90.2300033569336,91.01000213623047,90.0999984741211,90.77999877929688,2292800
2017-12-18,69.00054931640625,91.73999786376953,91.98999786376953,90.7300033569336,91.12000274658203,2014600
2017-12-19,69.4443359375,92.33000183105469,92.86000061035156,91.73999786376953,91.8499984741211,1175400
2017-12-20,69.97080993652344,93.02999877929688,94.2699966430664,92.87999725341797,93.0999984741211,1228700
2017-12-21,69.88056945800781,92.91000366210938,93.43000030517578,92.30999755859375,93.4000015258789,585800
2017-12-22,69.68498992919922,92.6500015258789,93.30000305175781,92.58000183105469,93.08000183105469,496500
2017-12-26,69.93319702148438,92.9800033569336,93.08000183105469,92.5999984741211,92.7300033569336,725900
2017-12-27,69.5947494506836,92.52999877929688,93.55999755859375,92.45999908447266,92.8499984741211,628700
2017-12-28,70.26414489746094,93.41999816894531,93.41999816894531,92.47000122070312,92.7300033569336,564000
2017-12-29,69.67745208740234,92.63999938964844,93.76000213623047,92.55000305175781,93.70999908447266,632400
2018-01-02,70.90343475341797,94.2699966430664,94.27999877929688,92.9000015258789,93.43000030517578,1199000
2018-01-03,71.71575164794922,95.3499984741211,95.62000274658203,94.43000030517578,94.5,1332300
2018-01-04,72.58822631835938,96.51000213623047,97.04000091552734,95.62000274658203,95.77999877929688,1206000
2018-01-05,73.03949737548828,97.11000061035156,97.55999755859375,96.43000030517578,96.9000015258789,825300
2018-01-08,73.31780242919922,97.4800033569336,97.80999755859375,96.75,97.16000366210938,971100
2018-01-09,73.15985870361328,97.2699966430664,98.23999786376953,97.22000122070312,97.62000274658203,848600
2018-01-10,73.14478302001953,97.25,97.44999694824219,96.06999969482422,97.12000274658203,755600
2018-01-11,73.33282470703125,97.5,97.94000244140625,97.19000244140625,97.80000305175781,1182600
2018-01-12,73.28018188476562,97.43000030517578,97.95999908447266,96.9800033569336,97.95999908447266,887400
2018-01-16,72.8138656616211,96.80999755859375,98.0999984741211,96.12999725341797,97.62999725341797,1118700
2018-01-17,72.8514633178711,96.86000061035156,97.72000122070312,96.56999969482422,97.54000091552734,820900
2018-01-18,72.82888793945312,96.83000183105469,97.13999938964844,96.3499984741211,96.7300033569336,745200
2018-01-19,73.8066635131836,98.12999725341797,98.12999725341797,97.1500015258789,97.31999969482422,1153500
2018-01-22,73.53589630126953,97.7699966430664,98.48999786376953,97.45999908447266,98.0199966430664,1095800
2018-01-23,73.67881774902344,97.95999908447266,98.05000305175781,96.94000244140625,97.55000305175781,662500
2018-01-24,74.19026184082031,98.63999938964844,99.30999755859375,97.94999694824219,98.37999725341797,944800
2018-01-25,75.42377471923828,100.27999877929688,100.4800033569336,98.97000122070312,99.44999694824219,1260600
2018-01-26,76.9505615234375,102.30999755859375,102.51000213623047,99.87000274658203,100.31999969482422,1681700
2018-01-29,76.13829803466797,101.2300033569336,102.30000305175781,101.12999725341797,102.05999755859375,1157000
2018-01-30,75.22820281982422,100.0199966430664,100.61000061035156,99.3499984741211,100.43000030517578,1012000
2018-01-31,74.59642028808594,99.18000030517578,100.48999786376953,98.41000366210938,100.23999786376953,1417800
2018-02-01,74.02479553222656,98.41999816894531,99.44000244140625,97.94999694824219,98.62999725341797,1124200
2018-02-02,74.66411590576172,99.2699966430664,103.20999908447266,96.45999908447266,102.2699966430664,3279700
2018-02-05,73.03949737548828,97.11000061035156,104.08000183105469,97.05999755859375,99.05999755859375,3491000
2018-02-06,74.47608184814453,99.0199966430664,99.62000274658203,94.30999755859375,95.38999938964844,2947900
2018-02-07,74.44598388671875,98.9800033569336,100.38999938964844,98.36000061035156,98.5999984741211,1598200
2018-02-08,70.376953125,93.56999969482422,99.06999969482422,93.55000305175781,98.2699966430664,1894100
2018-02-09,71.30207824707031,94.80000305175781,95.63999938964844,90.88999938964844,94.1500015258789,2705400
2018-02-12,73.3478775024414,97.5199966430664,98.04000091552734,95.54000091552734,96.0199966430664,1763600
2018-02-13,73.63368225097656,97.9000015258789,98.06999969482422,96.19999694824219,96.9000015258789,1102000
2018-02-14,74.98751831054688,99.69999694824219,100.12999725341797,97.19999694824219,97.33999633789062,1585200
2018-02-15,75.2958984375,100.11000061035156,101.01000213623047,99.26000213623047,100.26000213623047,1270800
2018-02-16,75.31092834472656,100.12999725341797,101.0,98.51000213623047,99.8499984741211,1188900
2018-02-20,75.4312744140625,100.29000091552734,100.94999694824219,99.16000366210938,99.9000015258789,1015000
2018-02-21,76.03296661376953,101.08999633789062,102.66000366210938,100.16000366210938,100.37000274658203,1016000
2018-02-22,76.348876953125,101.51000213623047,102.87000274658203,101.08999633789062,101.5,891600
2018-02-23,77.80050659179688,103.44000244140625,103.58000183105469,101.62000274658203,102.22000122070312,917800
2018-02-26,78.37962341308594,104.20999908447266,104.27999877929688,102.36000061035156,103.66000366210938,1228300
2018-02-27,76.9505615234375,102.30999755859375,104.45999908447266,102.11000061035156,104.19000244140625,1631000
2018-02-28,76.02545928955078,101.08000183105469,103.04000091552734,101.05000305175781,102.44000244140625,1105400
2018-03-01,75.52153778076172,100.41000366210938,101.33999633789062,99.2699966430664,101.11000061035156,1044900
2018-03-02,75.77725982666016,100.75,101.06999969482422,98.54000091552734,99.58999633789062,905200
2018-03-05,77.55979919433594,103.12000274658203,103.41000366210938,100.25,100.25,1328600
2018-03-06,79.59056854248047,105.81999969482422,106.31999969482422,103.25,103.81999969482422,1894100
2018-03-07,79.8462905883789,106.16000366210938,106.43000030517578,104.44999694824219,104.77999877929688,1270900
2018-03-08,79.65074157714844,105.9000015258789,106.68000030517578,104.77999877929688,106.55999755859375,923300
2018-03-09,82.20049285888672,109.29000091552734,109.47000122070312,106.63999938964844,106.94000244140625,1731600
2018-03-12,83.36626434326172,110.83999633789062,111.16000366210938,108.81999969482422,109.37000274658203,2088100
2018-03-13,82.24559020996094,109.3499984741211,112.44999694824219,109.13999938964844,111.30000305175781,1281200
2018-03-14,81.2627944946289,107.48999786376953,109.5199966430664,106.9800033569336,109.33000183105469,1106500
2018-03-15,80.86965942382812,106.97000122070312,108.47000122070312,106.94999694824219,107.69999694824219,1238900
2018-03-16,81.48959350585938,107.79000091552734,108.30999755859375,106.55000305175781,107.05999755859375,2175000
2018-03-19,80.53702545166016,106.52999877929688,107.6500015258789,105.5199966430664,107.5199966430664,1393700
2018-03-20,80.19683074951172,106.08000183105469,106.8499984741211,104.56999969482422,106.72000122070312,1641300
2018-03-21,81.24767303466797,107.47000122070312,108.68000030517578,105.94000244140625,105.94000244140625,1348600
2018-03-22,78.60167694091797,103.97000122070312,106.98999786376953,103.83000183105469,106.1500015258789,1020000
2018-03-23,77.71713256835938,102.80000305175781,104.83000183105469,102.54000091552734,104.43000030517578,1493700
2018-03-26,79.5995864868164,105.29000091552734,105.47000122070312,103.70999908447266,103.86000061035156,1296300
2018-03-27,79.38034057617188,105.0,106.69999694824219,104.52999877929688,105.5999984741211,1188200
2018-03-28,78.76042175292969,104.18000030517578,106.12000274658203,103.58999633789062,105.5199966430664,1149200
2018-03-29,79.81883239746094,105.58000183105469,106.2300033569336,104.19999694824219,104.69000244140625,1194200
2018-04-02,77.63397216796875,102.69000244140625,105.73999786376953,101.66999816894531,105.37999725341797,1417800
2018-04-03,77.83808135986328,102.95999908447266,103.4800033569336,101.41000366210938,102.87000274658203,1253500
2018-04-04,78.3597183227539,103.6500015258789,103.8499984741211,99.22000122070312,100.08000183105469,1515000
2018-04-05,79.62226104736328,105.31999969482422,105.81999969482422,103.72000122070312,104.55999755859375,807400
2018-04-06,77.75495147705078,102.8499984741211,104.75,101.87999725341797,103.88999938964844,959500
2018-04-09,77.63397216796875,102.69000244140625,104.19000244140625,102.63999938964844,103.29000091552734,1007400
2018-04-10,80.3329086303711,106.26000213623047,106.66999816894531,104.44999694824219,104.6500015258789,1083000
2018-04-11,79.4861831665039,105.13999938964844,106.58999633789062,104.72000122070312,105.30000305175781,902000
2018-04-12,80.29509735107422,106.20999908447266,106.79000091552734,105.7300033569336,105.91999816894531,709700
2018-04-13,79.71299743652344,105.44000244140625,107.36000061035156,105.02999877929688,106.8499984741211,950300
2018-04-16,81.11915588378906,107.30000305175781,107.41999816894531,105.66000366210938,106.30000305175781,979100
2018-04-17,81.76174926757812,108.1500015258789,109.16000366210938,107.29000091552734,108.33000183105469,1043100
2018-04-18,81.92809295654297,108.37000274658203,109.33999633789062,107.95999908447266,108.66999816894531,833800
2018-04-19,81.24767303466797,107.47000122070312,108.70999908447266,106.7300033569336,108.2300033569336,1035900
2018-04-20,81.14937591552734,107.33999633789062,108.61000061035156,106.38999938964844,107.69000244140625,888500
2018-04-23,81.05110168457031,107.20999908447266,108.13999938964844,106.69999694824219,107.08999633789062,762300
2018-04-24,79.6071548461914,105.30000305175781,108.08999633789062,103.31999969482422,107.51000213623047,1243600
2018-04-25,79.4937515258789,105.1500015258789,105.97000122070312,103.97000122070312,105.38999938964844,1003700
2018-04-26,80.06075286865234,105.9000015258789,106.37000274658203,104.37000274658203,105.5199966430664,1181800
2018-04-27,79.07793426513672,104.5999984741211,108.0,102.5,107.4000015258789,1416000
2018-04-30,77.17280578613281,102.08000183105469,105.2300033569336,102.05999755859375,104.87999725341797,1612700
2018-05-01,77.21817779541016,102.13999938964844,102.72000122070312,100.19000244140625,101.63999938964844,1867400
2018-05-02,77.59616088867188,102.63999938964844,103.69999694824219,102.06999969482422,102.06999969482422,1207600
2018-05-03,77.77005767822266,102.87000274658203,103.27999877929688,101.56999969482422,102.44000244140625,992900
2018-05-04,79.22914123535156,104.80000305175781,105.0999984741211,101.80000305175781,102.23999786376953,1021000
2018-05-07,79.4332504272461,105.06999969482422,105.81999969482422,104.62999725341797,105.11000061035156,626500
2018-05-08,79.7810287475586,105.52999877929688,106.0,104.72000122070312,104.9800033569336,1157600
2018-05-09,81.2325439453125,107.44999694824219,107.73999786376953,105.62000274658203,105.75,1584900
2018-05-10,81.42153930664062,107.69999694824219,108.98999786376953,107.29000091552734,107.43000030517578,837900
2018-05-11,80.68824005126953,106.7300033569336,108.27999877929688,106.58000183105469,107.94000244140625,727000
2018-05-14,80.67310333251953,106.70999908447266,107.79000091552734,106.08999633789062,107.0,638100
2018-05-15,81.2703628540039,107.5,107.5999984741211,105.76000213623047,106.27999877929688,824700
2018-05-16,82.08682250976562,108.58000183105469,109.41000366210938,107.62999725341797,107.7699966430664,1011600
2018-05-17,82.01123809814453,108.4800033569336,109.22000122070312,107.70999908447266,108.2699966430664,816000
2018-05-18,82.36654663085938,108.94999694824219,109.69000244140625,108.05999755859375,108.48999786376953,622400
2018-05-21,82.16998291015625,108.69000244140625,109.69999694824219,108.12999725341797,109.33999633789062,550000
2018-05-22,81.98098754882812,108.44000244140625,109.61000061035156,108.30000305175781,109.19999694824219,838400
2018-05-23,81.53495788574219,107.8499984741211,108.05000305175781,106.52999877929688,107.52999877929688,604000
2018-05-24,81.09647369384766,107.2699966430664,108.0999984741211,106.55999755859375,107.7699966430664,727900
2018-05-25,80.3329086303711,106.26000213623047,106.75,105.7300033569336,106.48999786376953,708700
2018-05-29,78.79065704345703,104.22000122070312,106.08999633789062,103.58999633789062,105.29000091552734,1059600
2018-05-30,79.19132995605469,104.75,105.66000366210938,104.44000244140625,104.83999633789062,862500
2018-05-31,78.85869598388672,104.30999755859375,105.5,104.2699966430664,105.08000183105469,1342900
2018-06-01,79.97000885009766,105.77999877929688,106.72000122070312,104.94999694824219,105.2300033569336,674300
2018-06-04,80.18927001953125,106.06999969482422,106.62999725341797,105.63999938964844,106.19000244140625,550100
2018-06-05,80.41606903076172,106.37000274658203,107.41999816894531,106.0999984741211,106.13999938964844,809400
2018-06-06,83.13766479492188,109.97000122070312,110.0,106.56999969482422,106.56999969482422,1277000
2018-06-07,81.87512969970703,108.30000305175781,110.0,107.9800033569336,109.5999984741211,903900
2018-06-08,82.45729064941406,109.06999969482422,109.19999694824219,107.62999725341797,108.41999816894531,629100
2018-06-11,82.70675659179688,109.4000015258789,109.58999633789062,108.36000061035156,109.20999908447266,876100
2018-06-12,82.75967407226562,109.47000122070312,110.16999816894531,108.83999633789062,109.43000030517578,802400
2018-06-13,81.99613189697266,108.45999908447266,109.9000015258789,108.12000274658203,109.73999786376953,727400
2018-06-14,82.01891326904297,107.93000030517578,108.73999786376953,107.30999755859375,108.13999938964844,720000
2018-06-15,82.771240234375,108.91999816894531,109.0,107.18000030517578,107.43000030517578,1393700
2018-06-18,81.94292449951172,107.83000183105469,108.33999633789062,107.19000244140625,108.11000061035156,765700
2018-06-19,79.1767807006836,104.19000244140625,106.91000366210938,103.94000244140625,106.61000061035156,980600
2018-06-20,78.28765869140625,103.0199966430664,104.76000213623047,102.01000213623047,104.58000183105469,1235900
2018-06-21,76.7146224975586,100.94999694824219,103.16999816894531,100.69999694824219,103.08000183105469,1226500
2018-06-22,77.58091735839844,102.08999633789062,103.80999755859375,101.56999969482422,102.12000274658203,1367100
2018-06-25,76.22827911376953,100.30999755859375,101.97000122070312,99.54000091552734,101.97000122070312,1021400
2018-06-26,76.16747283935547,100.2300033569336,100.94999694824219,99.66000366210938,100.62000274658203,1220700
2018-06-27,75.33154296875,99.12999725341797,101.80999755859375,99.11000061035156,100.2300033569336,1360100
2018-06-28,75.76470184326172,99.69999694824219,100.0,97.88999938964844,99.19000244140625,1098400
2018-06-29,75.9622802734375,99.95999908447266,101.6500015258789,99.8499984741211,100.05999755859375,1179000
2018-07-02,75.57469940185547,99.44999694824219,100.37000274658203,98.37999725341797,98.77999877929688,776100
2018-07-03,74.87560272216797,98.52999877929688,100.93000030517578,98.33000183105469,100.20999908447266,544600
2018-07-05,75.57469940185547,99.44999694824219,99.93000030517578,98.58000183105469,99.33999633789062,817200
2018-07-06,75.79510498046875,99.73999786376953,100.30999755859375,98.4800033569336,99.0,583700
2018-07-09,76.62342834472656,100.83000183105469,101.05999755859375,99.9000015258789,99.94999694824219,725100
2018-07-10,77.40615844726562,101.86000061035156,102.6500015258789,100.58000183105469,102.44000244140625,1005900
2018-07-11,75.34675598144531,99.1500015258789,101.11000061035156,98.75,100.77999877929688,894500
2018-07-12,75.37714385986328,99.19000244140625,99.87999725341797,98.70999908447266,99.86000061035156,839500
2018-07-13,75.59754180908203,99.4800033569336,100.44999694824219,99.05999755859375,99.05999755859375,616000
2018-07-16,74.93639373779297,98.61000061035156,99.9000015258789,98.38999938964844,99.58999633789062,514800
2018-07-17,76.49425506591797,100.66000366210938,100.88999938964844,98.66000366210938,98.66000366210938,716100
2018-07-18,77.05660247802734,101.4000015258789,101.93000030517578,100.7300033569336,100.7300033569336,676000
2018-07-19,76.53984069824219,100.72000122070312,101.58000183105469,99.97000122070312,101.08999633789062,517900
2018-07-20,75.98509216308594,99.98999786376953,100.87999725341797,99.94999694824219,100.29000091552734,662600
2018-07-23,75.57469940185547,99.44999694824219,100.30000305175781,99.18000030517578,99.98999786376953,595100
2018-07-24,76.15986633300781,100.22000122070312,100.93000030517578,99.70999908447266,100.23999786376953,552100
2018-07-25,77.29216766357422,101.70999908447266,101.91000366210938,99.97000122070312,99.9800033569336,991900
2018-07-26,77.79373168945312,102.37000274658203,102.8499984741211,101.73999786376953,101.81999969482422,935500
2018-07-27,76.66901397705078,100.88999938964844,102.08999633789062,99.0,101.0,1602200
2018-07-30,77.0413818359375,101.37999725341797,102.30000305175781,100.83000183105469,101.02999877929688,910900
2018-07-31,78.74363708496094,103.62000274658203,103.91999816894531,101.80999755859375,101.91999816894531,1142900
2018-08-01,77.42137145996094,101.87999725341797,103.62000274658203,101.6500015258789,103.26000213623047,840300
2018-08-02,76.0155029296875,100.02999877929688,101.41000366210938,99.7699966430664,100.9000015258789,1003600
2018-08-03,77.50493621826172,101.98999786376953,102.31999969482422,100.0,100.0,1009700
2018-08-06,77.34536743164062,101.77999877929688,102.1500015258789,100.80000305175781,101.5999984741211,853200
2018-08-07,77.29216766357422,101.70999908447266,102.94000244140625,101.4000015258789,102.25,748100
2018-08-08,77.09458923339844,101.44999694824219,102.56999969482422,100.94999694824219,101.97000122070312,714300
2018-08-09,77.31494903564453,101.73999786376953,102.47000122070312,101.1500015258789,101.44000244140625,561800
2018-08-10,75.8938980102539,99.87000274658203,101.1500015258789,99.30000305175781,101.0999984741211,803800
2018-08-13,75.12635803222656,98.86000061035156,100.4000015258789,98.38999938964844,100.02999877929688,814600
2018-08-14,75.26316833496094,99.04000091552734,99.86000061035156,98.91999816894531,99.08999633789062,871300
2018-08-15,73.50773620605469,96.7300033569336,98.30999755859375,95.8499984741211,98.30999755859375,953900
2018-08-16,73.94845581054688,97.30999755859375,98.05999755859375,97.16999816894531,97.56999969482422,768700
2018-08-17,74.23727416992188,97.69000244140625,98.19999694824219,97.18000030517578,97.37999725341797,857000
2018-08-20,74.57920837402344,98.13999938964844,98.80000305175781,97.80000305175781,97.80000305175781,896100
2018-08-21,75.37714385986328,99.19000244140625,99.80999755859375,98.25,98.25,1144600
2018-08-22,74.7615966796875,98.37999725341797,99.58999633789062,98.30000305175781,99.19999694824219,1081400
2018-08-23,74.26004791259766,97.72000122070312,98.20999908447266,96.95999908447266,98.1500015258789,686100
2018-08-24,75.22515869140625,98.98999786376953,99.37000274658203,98.06999969482422,98.30000305175781,670500
2018-08-27,75.8938980102539,99.87000274658203,100.26000213623047,99.30000305175781,99.31999969482422,540600
2018-08-28,75.14155578613281,98.87999725341797,100.5199966430664,98.52999877929688,99.93000030517578,759000
2018-08-29,75.02759552001953,98.7300033569336,99.30999755859375,98.2699966430664,98.80999755859375,566300
2018-08-30,74.24484252929688,97.69999694824219,98.4800033569336,97.27999877929688,98.4800033569336,769600
2018-08-31,73.7357177734375,97.02999877929688,97.83000183105469,96.5,97.44000244140625,824400
2018-09-04,73.42414855957031,96.62000274658203,97.1500015258789,95.88999938964844,96.73999786376953,916600
2018-09-05,74.32083892822266,97.80000305175781,98.63999938964844,96.2300033569336,96.62999725341797,1371100
2018-09-06,74.05485534667969,97.44999694824219,98.38999938964844,96.81999969482422,97.75,778200
2018-09-07,73.78890991210938,97.0999984741211,97.66000366210938,96.0999984741211,96.91999816894531,856700
2018-09-10,73.65213012695312,96.91999816894531,98.16999816894531,96.88999938964844,97.56999969482422,857500
2018-09-11,72.85418701171875,95.87000274658203,96.69999694824219,95.52999877929688,96.25,1453900
2018-09-12,72.95296478271484,96.0,97.18000030517578,95.43000030517578,95.97000122070312,875000
2018-09-13,74.08428192138672,96.91999816894531,97.08000183105469,95.5999984741211,95.95999908447266,901200
2018-09-14,74.51234436035156,97.4800033569336,97.80999755859375,96.68000030517578,97.02999877929688,1017500
2018-09-17,74.61933898925781,97.62000274658203,98.04000091552734,97.3499984741211,97.3499984741211,721000
2018-09-18,74.32123565673828,97.2300033569336,98.26000213623047,96.5199966430664,98.05999755859375,920700
2018-09-19,75.3072738647461,98.5199966430664,98.83000183105469,97.2300033569336,97.72000122070312,911200
2018-09-20,76.29334259033203,99.80999755859375,100.51000213623047,98.9800033569336,99.5999984741211,842500
2018-09-21,76.34686279296875,99.87999725341797,100.31999969482422,99.26000213623047,100.16999816894531,1341400
2018-09-24,75.6207046508789,98.93000030517578,100.5,98.25,99.88999938964844,763400
2018-09-25,75.46015930175781,98.72000122070312,99.43000030517578,98.33999633789062,99.3499984741211,667500
2018-09-26,74.6881332397461,97.70999908447266,98.97000122070312,97.52999877929688,98.4000015258789,752200
2018-09-27,73.954345703125,96.75,97.91000366210938,96.41000366210938,97.91000366210938,727000
2018-09-28,73.1670150756836,95.72000122070312,96.41999816894531,95.61000061035156,96.4000015258789,899000
2018-10-01,74.04607391357422,96.87000274658203,97.26000213623047,96.44000244140625,96.44000244140625,483700
2018-10-02,74.3670883178711,97.29000091552734,97.97000122070312,96.7300033569336,97.0199966430664,551100
2018-10-03,74.42057037353516,97.36000061035156,98.37999725341797,97.30000305175781,97.81999969482422,969700
2018-10-04,73.74030303955078,96.47000122070312,97.30000305175781,95.73999786376953,97.30000305175781,1244300
2018-10-05,69.5973129272461,91.05000305175781,95.02999877929688,90.55999755859375,95.02999877929688,2518000
2018-10-08,69.7578353881836,91.26000213623047,92.13999938964844,91.0199966430664,91.12000274658203,1408200
2018-10-09,66.35633087158203,86.80999755859375,90.4000015258789,86.62999725341797,90.38999938964844,2543000
2018-10-10,64.39186096191406,84.23999786376953,87.16000366210938,84.19999694824219,87.0,2798900
2018-10-11,62.71784591674805,82.05000305175781,85.27999877929688,82.0,83.75,2146300
2018-10-12,63.05417251586914,82.48999786376953,84.37000274658203,81.88999938964844,83.75,1801000
2018-10-15,62.92424011230469,82.31999969482422,83.47000122070312,82.1500015258789,82.48999786376953,1984200
2018-10-16,64.18547821044922,83.97000122070312,84.04000091552734,82.63999938964844,82.86000061035156,1274900
2018-10-17,63.696258544921875,83.33000183105469,84.16000366210938,82.83000183105469,83.69999694824219,1069200
2018-10-18,62.580257415771484,81.87000274658203,84.30000305175781,81.36000061035156,83.05000305175781,1270200
2018-10-19,61.73944091796875,80.7699966430664,82.76000213623047,80.48999786376953,82.05999755859375,1328500
2018-10-22,60.91390609741211,79.69000244140625,81.69999694824219,79.19999694824219,81.16000366210938,940000
2018-10-23,60.310020446777344,78.9000015258789,79.30000305175781,77.36000061035156,78.04000091552734,1651100
2018-10-24,57.734066009521484,75.52999877929688,78.9000015258789,75.38999938964844,78.9000015258789,1839100
2018-10-25,59.36982727050781,77.66999816894531,78.56999969482422,75.80999755859375,77.0199966430664,1652300
2018-10-26,59.736759185791016,78.1500015258789,79.29000091552734,73.94999694824219,73.94999694824219,2837000
2018-10-29,58.39142608642578,76.38999938964844,79.69000244140625,75.44000244140625,79.2699966430664,1894100
2018-10-30,60.40176010131836,79.0199966430664,79.37999725341797,75.98999786376953,76.38999938964844,1855300
2018-10-31,59.889625549316406,78.3499984741211,80.22000122070312,78.20999908447266,79.93000030517578,1984800
2018-11-01,62.43504333496094,81.68000030517578,81.73999786376953,78.97000122070312,79.94000244140625,1451600
2018-11-02,63.06181335449219,82.5,83.23999786376953,81.69000244140625,82.20999908447266,1726900
2018-11-05,62.687259674072266,82.01000213623047,83.25,80.97000122070312,83.01000213623047,1273400
2018-11-06,63.230003356933594,82.72000122070312,82.9000015258789,81.83000183105469,82.19000244140625,1209900
2018-11-07,64.36128234863281,84.19999694824219,84.30999755859375,82.37000274658203,83.54000091552734,1176400
2018-11-08,63.96381378173828,83.68000030517578,84.44000244140625,83.12000274658203,83.52999877929688,965300
2018-11-09,63.30643081665039,82.81999969482422,83.52999877929688,81.95999908447266,82.94999694824219,1310100
2018-11-12,62.39680862426758,81.62999725341797,83.25,81.47000122070312,83.06999969482422,856900
2018-11-13,61.624794006347656,80.62000274658203,82.56999969482422,80.47000122070312,81.45999908447266,1023200
2018-11-14,62.694915771484375,82.0199966430664,82.48999786376953,80.73999786376953,81.25,1583100
2018-11-15,63.30643081665039,82.81999969482422,83.27999877929688,81.04000091552734,81.30999755859375,904900
2018-11-16,63.58161163330078,83.18000030517578,83.5199966430664,82.02999877929688,82.61000061035156,752900
2018-11-19,62.542057037353516,81.81999969482422,83.4800033569336,81.44999694824219,83.02999877929688,962400
2018-11-20,61.135562896728516,79.9800033569336,80.87000274658203,78.9800033569336,80.45999908447266,994700
2018-11-21,61.36490249633789,80.27999877929688,81.76000213623047,80.12000274658203,80.66000366210938,944000
2018-11-23,59.346923828125,77.63999938964844,79.5999984741211,77.58000183105469,79.30000305175781,940000
2018-11-26,60.66166687011719,79.36000061035156,79.38999938964844,78.01000213623047,78.13999938964844,1865600
2018-11-27,59.56093215942383,77.91999816894531,79.08999633789062,76.91000366210938,78.72000122070312,1123700
2018-11-28,60.44762420654297,79.08000183105469,79.0999984741211,76.87000274658203,78.16000366210938,1107000
2018-11-29,60.41706085205078,79.04000091552734,79.83000183105469,78.48999786376953,78.77999877929688,717100
2018-11-30,60.248878479003906,78.81999969482422,79.79000091552734,78.37000274658203,78.55999755859375,1307600
2018-12-03,61.87702941894531,80.94999694824219,82.98999786376953,80.0199966430664,81.08000183105469,1611900
2018-12-04,59.36982727050781,77.66999816894531,80.80999755859375,77.58999633789062,80.52999877929688,1236700
2018-12-06,57.8869514465332,75.7300033569336,76.13999938964844,74.05000305175781,76.11000061035156,1810100
2018-12-07,55.95303726196289,73.19999694824219,77.5199966430664,73.08000183105469,76.1500015258789,1710000
2018-12-10,55.58613967895508,72.72000122070312,73.51000213623047,71.30999755859375,72.58999633789062,1509000
2018-12-11,55.456180572509766,72.55000305175781,75.62999725341797,72.37999725341797,74.7300033569336,1276600
2018-12-12,55.4409065246582,72.52999877929688,74.6500015258789,72.4000015258789,73.9000015258789,2498600
2018-12-13,54.9975471496582,71.94999694824219,73.77999877929688,71.47000122070312,72.79000091552734,1995800
2018-12-14,55.12862014770508,71.5,71.9000015258789,70.33000183105469,70.76000213623047,2584500
2018-12-17,54.34218978881836,70.4800033569336,72.6500015258789,70.08999633789062,71.30000305175781,1885400
2018-12-18,55.06694030761719,71.41999816894531,72.94999694824219,70.9800033569336,71.08000183105469,1713800
2018-12-19,54.42699432373047,70.58999633789062,73.01000213623047,70.22000122070312,71.66999816894531,1236300
2018-12-20,53.74847412109375,69.70999908447266,72.01000213623047,68.87999725341797,70.33000183105469,1572300
2018-12-21,53.324424743652344,69.16000366210938,71.68000030517578,69.08000183105469,69.70999908447266,3089200
2018-12-24,52.191009521484375,67.69000244140625,69.88999938964844,67.66999816894531,68.91999816894531,510200
2018-12-26,54.75852966308594,71.0199966430664,71.04000091552734,67.4000015258789,67.98999786376953,910700
2018-12-27,56.05388259887695,72.69999694824219,72.69999694824219,69.41999816894531,69.73999786376953,1131200
2018-12-28,55.745452880859375,72.30000305175781,73.3499984741211,71.91999816894531,72.95999908447266,774100
2018-12-31,56.369998931884766,73.11000061035156,73.48999786376953,72.05999755859375,72.58000183105469,725800
2019-01-02,56.35456848144531,73.08999633789062,74.58999633789062,71.88999938964844,72.05999755859375,1589000
2019-01-03,55.05152893066406,71.4000015258789,73.0999984741211,71.27999877929688,72.87999725341797,1206900
2019-01-04,57.69615173339844,74.83000183105469,75.30999755859375,72.56999969482422,72.79000091552734,999000
2019-01-07,57.70387649536133,74.83999633789062,75.62000274658203,73.69999694824219,74.62999725341797,2140100
2019-01-08,58.166500091552734,75.44000244140625,75.98999786376953,74.58999633789062,75.52999877929688,1685400
2019-01-09,58.86811447143555,76.3499984741211,76.7699966430664,75.25,75.44000244140625,1078000
2019-01-10,58.945220947265625,76.44999694824219,77.04000091552734,75.79000091552734,76.01000213623047,1217000
2019-01-11,59.29218292236328,76.9000015258789,77.0999984741211,75.77999877929688,75.9000015258789,800400
2019-01-14,58.92979431152344,76.43000030517578,76.8499984741211,75.83999633789062,76.2699966430664,1159600
2019-01-15,58.38239288330078,75.72000122070312,76.48999786376953,75.16999816894531,76.19000244140625,836800
2019-01-16,59.19967269897461,76.77999877929688,76.87999725341797,75.48999786376953,75.48999786376953,1141300
2019-01-17,61.003875732421875,79.12000274658203,79.33999633789062,77.01000213623047,77.25,1567800
2019-01-18,62.60763931274414,81.19999694824219,81.83000183105469,79.37999725341797,79.8499984741211,1803100
2019-01-22,60.84195327758789,78.91000366210938,80.77999877929688,78.33999633789062,80.5999984741211,1154500
2019-01-23,59.86276626586914,77.63999938964844,79.33000183105469,77.31999969482422,79.02999877929688,1213100
2019-01-24,60.18659973144531,78.05999755859375,78.43000030517578,77.44999694824219,77.44999694824219,1068600
2019-01-25,62.345462799072266,80.86000061035156,81.05000305175781,78.9000015258789,79.23999786376953,1180000
2019-01-28,62.4302978515625,80.97000122070312,81.12000274658203,79.94999694824219,80.22000122070312,981000
2019-01-29,62.36860656738281,80.88999938964844,81.72000122070312,80.5,80.73999786376953,1125600
2019-01-30,63.50200271606445,82.36000061035156,83.04000091552734,80.77999877929688,81.6500015258789,1203300
2019-01-31,62.160430908203125,80.62000274658203,81.69000244140625,79.48999786376953,81.12999725341797,1819900
2019-02-01,62.962303161621094,81.66000366210938,82.70999908447266,78.91000366210938,79.31999969482422,2356500
2019-02-04,63.50972366333008,82.37000274658203,82.79000091552734,80.93000030517578,81.83999633789062,1755700
2019-02-05,62.9083137512207,81.58999633789062,82.7300033569336,81.27999877929688,82.1500015258789,1548600
2019-02-06,62.3377685546875,80.8499984741211,81.4000015258789,80.11000061035156,80.5,1274500
2019-02-07,60.7802848815918,78.83000183105469,80.5999984741211,77.88999938964844,80.4800033569336,1215600
2019-02-08,60.98847198486328,79.0999984741211,79.41999816894531,77.5,78.31999969482422,1051400
2019-02-11,61.18893814086914,79.36000061035156,79.47000122070312,78.61000061035156,79.23999786376953,932700
2019-02-12,62.71556091308594,81.33999633789062,81.70999908447266,80.1500015258789,80.1500015258789,1135700
2019-02-13,62.5767822265625,81.16000366210938,82.19999694824219,80.79000091552734,82.12000274658203,1347300
2019-02-14,63.03940200805664,81.76000213623047,82.0999984741211,80.62000274658203,80.75,1269800
2019-02-15,63.77186965942383,82.70999908447266,83.12000274658203,82.0999984741211,82.68000030517578,1053500
2019-02-19,63.89524841308594,82.87000274658203,83.47000122070312,81.58999633789062,81.91999816894531,1108700
2019-02-20,65.22914123535156,84.5999984741211,85.12000274658203,82.69999694824219,82.87999725341797,1017500
2019-02-21,64.5274887084961,83.69000244140625,85.12000274658203,83.33999633789062,84.7300033569336,808400
2019-02-22,65.11347198486328,84.44999694824219,85.04000091552734,83.83999633789062,84.11000061035156,966700
2019-02-25,65.1365966796875,84.4800033569336,85.16000366210938,83.91999816894531,84.75,581500
2019-02-26,64.6045913696289,83.79000091552734,84.72000122070312,83.7699966430664,84.38999938964844,516600
2019-02-27,64.61229705810547,83.80000305175781,84.25,83.04000091552734,83.7300033569336,654000
2019-02-28,63.7564582824707,82.69000244140625,83.70999908447266,82.02999877929688,83.70999908447266,1263600
2019-03-01,64.15740966796875,83.20999908447266,84.45999908447266,82.68000030517578,83.3499984741211,825100
2019-03-04,64.07257080078125,83.0999984741211,83.75,81.63999938964844,83.31999969482422,919800
2019-03-05,63.633087158203125,82.52999877929688,83.08000183105469,81.80999755859375,82.94999694824219,964200
2019-03-06,63.748748779296875,82.68000030517578,83.4000015258789,81.88999938964844,82.4000015258789,1060200
2019-03-07,61.62070083618164,79.91999816894531,82.4000015258789,78.62999725341797,82.25,1489600
2019-03-08,60.895938873291016,78.9800033569336,79.69000244140625,78.36000061035156,79.12999725341797,1154800
2019-03-11,62.2452507019043,80.7300033569336,80.98999786376953,79.37000274658203,79.4800033569336,790700
2019-03-12,62.60763931274414,81.19999694824219,82.02999877929688,81.04000091552734,81.20999908447266,969500
2019-03-13,63.11650466918945,81.86000061035156,82.69999694824219,81.16999816894531,81.63999938964844,985400
2019-03-14,61.86566925048828,79.62999725341797,81.19999694824219,79.19000244140625,81.08000183105469,1205400
2019-03-15,61.0965461730957,78.63999938964844,80.25,78.41999816894531,79.44000244140625,2491300
2019-03-18,60.956668853759766,78.45999908447266,78.69000244140625,76.26000213623047,78.69000244140625,1493500
2019-03-19,61.00328826904297,78.5199966430664,79.93000030517578,78.18000030517578,79.29000091552734,1179500
2019-03-20,61.0965461730957,78.63999938964844,79.22000122070312,77.7699966430664,78.47000122070312,1035800
2019-03-21,61.383995056152344,79.01000213623047,79.87999725341797,78.41999816894531,78.41999816894531,1190200
2019-03-22,58.37732696533203,75.13999938964844,78.33000183105469,75.05000305175781,78.33000183105469,1513800
2019-03-25,57.71695327758789,74.29000091552734,75.48999786376953,74.02999877929688,75.02999877929688,1271000
2019-03-26,58.190853118896484,74.9000015258789,75.62999725341797,74.30999755859375,75.01000213623047,939700
2019-03-27,58.322933197021484,75.06999969482422,75.5,74.20999908447266,74.91999816894531,1267900
2019-03-28,58.97555923461914,75.91000366210938,76.02999877929688,75.0999984741211,75.19999694824219,775200
2019-03-29,58.95225143432617,75.87999725341797,76.55999755859375,75.36000061035156,76.12999725341797,1760600
2019-04-01,61.00328826904297,78.5199966430664,78.63999938964844,76.45999908447266,76.63999938964844,1115900
2019-04-02,61.27521514892578,78.87000274658203,79.75,78.0,78.66999816894531,1306800
2019-04-03,62.86012649536133,80.91000366210938,81.94999694824219,79.36000061035156,79.83000183105469,1853300
2019-04-04,63.48164749145508,81.70999908447266,81.87000274658203,80.80000305175781,80.88999938964844,1055000
2019-04-05,64.00218963623047,82.37999725341797,82.6500015258789,81.8499984741211,82.0,1237800
2019-04-08,63.55935287475586,81.80999755859375,82.75,81.63999938964844,82.37999725341797,1334400
2019-04-09,63.031036376953125,81.12999725341797,81.58999633789062,80.30999755859375,81.22000122070312,720600
2019-04-10,63.41949462890625,81.62999725341797,82.04000091552734,80.62999725341797,81.4800033569336,637400
2019-04-11,63.46611785888672,81.69000244140625,82.51000213623047,81.44999694824219,81.79000091552734,1065000
2019-04-12,65.21416473388672,83.94000244140625,84.12000274658203,82.41000366210938,82.86000061035156,1820300
2019-04-15,65.21416473388672,83.94000244140625,84.95999908447266,83.56999969482422,84.45999908447266,799900
2019-04-16,65.65701293945312,84.51000213623047,84.63999938964844,83.3499984741211,84.0,968600
2019-04-17,65.07432556152344,83.76000213623047,86.18000030517578,83.68000030517578,84.9800033569336,1080300
2019-04-18,65.28409576416016,84.02999877929688,84.0999984741211,82.76000213623047,83.73999786376953,956600
2019-04-22,64.68588256835938,83.26000213623047,84.2699966430664,83.23999786376953,83.86000061035156,744100
2019-04-23,64.74800872802734,83.33999633789062,83.73999786376953,82.22000122070312,83.0999984741211,1440400
2019-04-24,63.629268646240234,81.9000015258789,83.44000244140625,81.88999938964844,83.44000244140625,805800
2019-04-25,62.70473098754883,80.70999908447266,81.7699966430664,80.62000274658203,81.7699966430664,1364900
2019-04-26,62.3162727355957,80.20999908447266,80.97000122070312,76.44999694824219,79.5,2193800
2019-04-29,62.3629035949707,80.2699966430664,80.70999908447266,79.37000274658203,79.91000366210938,1002000
2019-04-30,61.2829704284668,78.87999725341797,80.5,78.0199966430664,80.25,1135300
2019-05-01,61.026611328125,78.55000305175781,79.44000244140625,78.20999908447266,78.95999908447266,1238200
2019-05-02,60.31183624267578,77.62999725341797,79.41000366210938,76.77999877929688,78.19999694824219,1387500
2019-05-03,61.80352783203125,79.55000305175781,79.61000061035156,78.08000183105469,78.16000366210938,1222900
2019-05-06,60.00108337402344,77.2300033569336,77.81999969482422,76.38999938964844,77.48999786376953,1184200
2019-05-07,59.40285110473633,76.45999908447266,76.5199966430664,75.47000122070312,76.19000244140625,1189700
2019-05-08,59.34846115112305,76.38999938964844,76.87000274658203,75.61000061035156,76.05000305175781,1006400
2019-05-09,58.82795333862305,75.72000122070312,75.86000061035156,74.33999633789062,75.31999969482422,774500
2019-05-10,58.874549865722656,75.77999877929688,76.1500015258789,74.2300033569336,75.66999816894531,1029300
2019-05-13,56.34180450439453,72.5199966430664,74.27999877929688,71.70999908447266,74.16000366210938,1145600
2019-05-14,56.70695114135742,72.98999786376953,73.66999816894531,72.66999816894531,72.66999816894531,1524400
2019-05-15,56.2330436706543,72.37999725341797,73.41999816894531,71.8499984741211,72.2300033569336,1472300
2019-05-16,56.06211853027344,72.16000366210938,73.08999633789062,72.01000213623047,72.94000244140625,1281900
2019-05-17,55.33183288574219,71.22000122070312,72.02999877929688,70.94000244140625,71.44000244140625,942200
2019-05-20,54.42284393310547,70.05000305175781,71.33999633789062,69.95999908447266,70.66000366210938,863400
2019-05-21,55.72028350830078,71.72000122070312,71.9000015258789,70.5199966430664,70.5199966430664,1094100
2019-05-22,54.81904983520508,70.55999755859375,71.51000213623047,70.47000122070312,71.29000091552734,778700
2019-05-23,53.16423797607422,68.43000030517578,69.69999694824219,68.12999725341797,69.56999969482422,1028800
2019-05-24,53.4361572265625,68.77999877929688,69.47000122070312,68.22000122070312,69.18000030517578,721100
2019-05-28,52.74469757080078,67.88999938964844,69.56999969482422,67.75,69.20999908447266,1111300
2019-05-29,52.56601333618164,67.66000366210938,67.79000091552734,66.48999786376953,67.20999908447266,1136400
2019-05-30,52.38732147216797,67.43000030517578,68.73999786376953,67.20999908447266,67.79000091552734,810900
2019-05-31,50.437259674072266,64.91999816894531,66.48999786376953,64.83999633789062,66.33999633789062,1205500
2019-06-03,52.50386047363281,67.58000183105469,67.66000366210938,65.0,65.13999938964844,1847600
2019-06-04,55.38620376586914,71.29000091552734,71.29000091552734,68.37000274658203,68.66000366210938,2069600
2019-06-05,55.650352478027344,71.62999725341797,71.70999908447266,69.63999938964844,71.45999908447266,1551400
2019-06-06,55.704742431640625,71.69999694824219,72.18000030517578,70.63999938964844,71.5199966430664,1326000
2019-06-07,55.417274475097656,71.33000183105469,72.01000213623047,70.87999725341797,71.93000030517578,1181100
2019-06-10,56.06989669799805,72.16999816894531,72.88999938964844,71.52999877929688,71.52999877929688,1324900
2019-06-11,56.504974365234375,72.7300033569336,74.27999877929688,72.54000091552734,73.19999694824219,907500
2019-06-12,56.43503952026367,72.63999938964844,72.98999786376953,72.19000244140625,72.75,586300
2019-06-13,57.64702224731445,74.19999694824219,74.23999786376953,73.0999984741211,73.23999786376953,908500
2019-06-14,56.47966003417969,72.08999633789062,73.12999725341797,72.0,72.80000305175781,1019600
2019-06-17,56.46400833129883,72.06999969482422,73.19999694824219,71.44000244140625,72.0,800300
2019-06-18,57.87425231933594,73.87000274658203,74.75,72.56999969482422,72.66999816894531,995600
2019-06-19,57.85855484008789,73.8499984741211,74.47000122070312,73.36000061035156,74.12000274658203,1250600
2019-06-20,59.29228973388672,75.68000030517578,75.80000305175781,74.86000061035156,75.22000122070312,1197900
2019-06-21,59.707523345947266,76.20999908447266,76.72000122070312,74.75,75.68000030517578,2015500
2019-06-24,59.44898986816406,75.87999725341797,76.80999755859375,75.79000091552734,76.27999877929688,793500
2019-06-25,59.832889556884766,76.37000274658203,76.79000091552734,75.26000213623047,75.93000030517578,1251500
2019-06-26,59.8407096862793,76.37999725341797,77.08999633789062,75.91000366210938,76.62000274658203,1050900
2019-06-27,60.3577995300293,77.04000091552734,77.41000366210938,76.4800033569336,76.4800033569336,765600
2019-06-28,60.97673034667969,77.83000183105469,78.0999984741211,76.9800033569336,77.29000091552734,1508800
2019-07-01,62.355621337890625,79.58999633789062,79.75,78.30999755859375,78.66000366210938,1407200
2019-07-02,60.91407012939453,77.75,79.3499984741211,77.31999969482422,79.3499984741211,988400
2019-07-03,60.89054870605469,77.72000122070312,77.94000244140625,77.0,77.63999938964844,421900
2019-07-05,60.99242401123047,77.8499984741211,77.88999938964844,76.77999877929688,77.0199966430664,439300
2019-07-08,59.112091064453125,75.44999694824219,77.80000305175781,75.12000274658203,77.37000274658203,1356600
2019-07-09,58.47750473022461,74.63999938964844,75.4800033569336,73.70999908447266,75.13999938964844,945400
2019-07-10,58.21894454956055,74.30999755859375,75.37000274658203,74.11000061035156,75.06999969482422,643700
2019-07-11,58.99458312988281,75.30000305175781,75.37999725341797,74.0999984741211,74.1500015258789,686500
2019-07-12,60.74169921875,77.52999877929688,78.05000305175781,75.70999908447266,75.76000213623047,896700
2019-07-15,60.906219482421875,77.73999786376953,77.75,76.12999725341797,77.4800033569336,658500
2019-07-16,61.54084014892578,78.55000305175781,79.81999969482422,77.48999786376953,77.75,1145500
2019-07-17,61.078582763671875,77.95999908447266,78.5199966430664,77.27999877929688,78.36000061035156,784900
2019-07-18,60.91407012939453,77.75,78.43000030517578,77.33999633789062,77.33999633789062,569400
2019-07-19,61.642669677734375,78.68000030517578,79.20999908447266,78.0199966430664,78.05999755859375,596300
2019-07-22,61.66617965698242,78.70999908447266,79.38999938964844,78.38999938964844,78.76000213623047,609000
2019-07-23,63.63266372680664,81.22000122070312,81.66000366210938,79.4000015258789,79.4000015258789,977300
2019-07-24,64.04004669189453,81.73999786376953,81.97000122070312,80.31999969482422,80.83000183105469,848100
2019-07-25,63.17042922973633,80.62999725341797,81.73999786376953,79.87000274658203,81.22000122070312,1111900
2019-07-26,60.83570098876953,77.6500015258789,79.91999816894531,75.27999877929688,79.0,1985200
2019-07-29,60.3577995300293,77.04000091552734,78.01000213623047,76.5,77.25,967700
2019-07-30,60.09927749633789,76.70999908447266,77.02999877929688,75.41000366210938,76.05000305175781,1679700
2019-07-31,59.03376388549805,75.3499984741211,77.12999725341797,74.70999908447266,76.5,1364000
2019-08-01,56.78522872924805,72.4800033569336,75.58000183105469,72.02999877929688,75.08000183105469,1443000
2019-08-02,55.17128372192383,70.41999816894531,72.08999633789062,69.9000015258789,71.77999877929688,1720400
2019-08-05,53.228328704833984,67.94000244140625,69.25,67.19000244140625,69.25,1448600
2019-08-06,53.02460479736328,67.68000030517578,68.79000091552734,66.94999694824219,68.75,1219200
2019-08-07,52.89142990112305,67.51000213623047,67.69999694824219,66.0,66.93000030517578,1678400
2019-08-08,53.62788009643555,68.44999694824219,68.98999786376953,68.19000244140625,68.30999755859375,1207600
2019-08-09,52.805240631103516,67.4000015258789,68.11000061035156,67.0,67.79000091552734,1066500
2019-08-12,51.45769119262695,65.68000030517578,67.2300033569336,65.66999816894531,67.2300033569336,815600
2019-08-13,52.609375,67.1500015258789,68.81999969482422,64.94999694824219,65.61000061035156,1374800
2019-08-14,49.89076614379883,63.68000030517578,65.44999694824219,63.52000045776367,65.44000244140625,1192700
2019-08-15,50.337337493896484,64.25,64.66999816894531,63.43000030517578,64.4000015258789,1687600
2019-08-16,51.3088264465332,65.48999786376953,65.80999755859375,63.43000030517578,64.69000244140625,967400
2019-08-19,52.13146209716797,66.54000091552734,67.5999984741211,66.37000274658203,66.75,1054200
2019-08-20,51.105140686035156,65.2300033569336,66.16999816894531,64.7300033569336,65.94999694824219,1214400
2019-08-21,51.39500427246094,65.5999984741211,66.16000366210938,65.25,66.16000366210938,909500
2019-08-22,50.9249382019043,65.0,66.4000015258789,64.80000305175781,65.93000030517578,697000
2019-08-23,48.441368103027344,61.83000183105469,64.41999816894531,61.540000915527344,64.19999694824219,1092200
2019-08-26,48.74692153930664,62.220001220703125,63.11000061035156,61.90999984741211,62.93000030517578,719300
2019-08-27,48.22199630737305,61.54999923706055,62.95000076293945,61.38999938964844,62.790000915527344,894500
2019-08-28,49.193485260009766,62.790000915527344,63.22999954223633,61.220001220703125,61.4900016784668,634600
2019-08-29,50.59588623046875,64.58000183105469,65.33000183105469,63.54999923706055,63.779998779296875,926000
2019-08-30,51.214820861816406,65.37000274658203,66.43000030517578,65.13999938964844,65.55999755859375,1365300
2019-09-03,50.38433837890625,64.30999755859375,64.72000122070312,63.650001525878906,64.4000015258789,830000
2019-09-04,50.987613677978516,65.08000183105469,66.0,64.69000244140625,65.73999786376953,890200
2019-09-05,52.87575912475586,67.48999786376953,68.02999877929688,66.0999984741211,66.0999984741211,1087200
2019-09-06,53.31448745727539,68.05000305175781,68.30999755859375,66.80000305175781,67.6500015258789,979700
2019-09-09,55.202640533447266,70.45999908447266,70.61000061035156,68.6500015258789,68.79000091552734,1084200
2019-09-10,58.234619140625,74.33000183105469,74.58999633789062,70.83000183105469,71.0199966430664,1938400
2019-09-11,58.47750473022461,74.63999938964844,74.94999694824219,71.76000213623047,73.62000274658203,1448400
2019-09-12,58.500999450683594,74.66999816894531,74.86000061035156,72.66000366210938,74.47000122070312,1829900
2019-09-13,59.622825622558594,75.47000122070312,75.98999786376953,74.47000122070312,74.91000366210938,1168100
2019-09-16,58.69060134887695,74.29000091552734,75.91999816894531,74.0,74.91000366210938,1490100
2019-09-17,57.42657470703125,72.69000244140625,73.80999755859375,71.55000305175781,73.33000183105469,1143300
2019-09-18,56.93675994873047,72.06999969482422,72.83999633789062,71.4000015258789,72.45999908447266,1171600
2019-09-19,57.173763275146484,72.37000274658203,73.16999816894531,71.87000274658203,72.20999908447266,1016500
2019-09-20,57.14216613769531,72.33000183105469,73.55999755859375,72.08999633789062,72.54000091552734,1551100
2019-09-23,57.20535659790039,72.41000366210938,72.86000061035156,70.95999908447266,71.25,995300
2019-09-24,56.00453567504883,70.88999938964844,72.70999908447266,70.73999786376953,72.33999633789062,1213700
2019-09-25,57.4107666015625,72.66999816894531,72.91000366210938,70.47000122070312,70.7300033569336,823600
2019-09-26,57.23697280883789,72.44999694824219,73.1500015258789,71.7699966430664,72.81999969482422,671700
2019-09-27,57.90058898925781,73.29000091552734,73.72000122070312,72.52999877929688,72.8499984741211,1092300
2019-09-30,58.327186584472656,73.83000183105469,73.94000244140625,72.80999755859375,73.2699966430664,772900
2019-10-01,56.63655090332031,71.69000244140625,74.8499984741211,71.5199966430664,74.22000122070312,780000
2019-10-02,55.38042068481445,70.0999984741211,71.19999694824219,69.66000366210938,70.62000274658203,942300
2019-10-03,55.94924545288086,70.81999969482422,70.83999633789062,69.12000274658203,69.86000061035156,789400
2019-10-04,56.146732330322266,71.06999969482422,71.41000366210938,70.2300033569336,70.76000213623047,787400
2019-10-07,55.62533187866211,70.41000366210938,71.43000030517578,70.12999725341797,70.88999938964844,620100
2019-10-08,54.22698974609375,68.63999938964844,69.83999633789062,68.63999938964844,69.83999633789062,1017200
2019-10-09,54.78790283203125,69.3499984741211,69.7699966430664,68.70999908447266,69.45999908447266,916700
2019-10-10,55.1355094909668,69.79000091552734,70.55999755859375,69.12000274658203,69.83000183105469,864400
2019-10-11,57.363372802734375,72.61000061035156,73.5199966430664,71.26000213623047,71.26000213623047,1068000
2019-10-14,57.110557556152344,72.29000091552734,72.55999755859375,70.97000122070312,71.7300033569336,957300
2019-10-15,57.608272552490234,72.91999816894531,73.81999969482422,72.13999938964844,72.44000244140625,720100
2019-10-16,57.71099853515625,73.05000305175781,74.94999694824219,72.9800033569336,73.62999725341797,982800
2019-10-17,57.45027160644531,72.72000122070312,73.70999908447266,72.16999816894531,73.38999938964844,643500
2019-10-18,57.74258041381836,73.08999633789062,73.29000091552734,72.58999633789062,72.6500015258789,786200
2019-10-21,58.16128921508789,73.62000274658203,74.30999755859375,73.27999877929688,74.0999984741211,961200
2019-10-22,58.643226623535156,74.2300033569336,74.52999877929688,72.19000244140625,73.5199966430664,639700
2019-10-23,59.109310150146484,74.81999969482422,74.91000366210938,73.54000091552734,74.37000274658203,870200
2019-10-24,59.291019439697266,75.05000305175781,75.97000122070312,74.04000091552734,75.62000274658203,1353100
2019-10-25,60.262752532958984,76.27999877929688,77.2699966430664,71.70999908447266,73.19000244140625,3243600
2019-10-28,61.74007797241211,78.1500015258789,79.0,76.51000213623047,76.81999969482422,2412200
2019-10-29,61.74007797241211,78.1500015258789,78.98999786376953,77.4000015258789,77.70999908447266,932000
2019-10-30,60.989559173583984,77.19999694824219,77.4800033569336,76.16000366210938,77.4800033569336,988800
2019-10-31,60.07313537597656,76.04000091552734,76.98999786376953,74.87999725341797,76.87999725341797,926000
2019-11-01,62.38790512084961,78.97000122070312,79.36000061035156,76.41999816894531,76.8499984741211,959900
2019-11-04,63.99164581298828,81.0,81.05000305175781,79.6500015258789,80.0,1017300
2019-11-05,64.26023864746094,81.33999633789062,82.26000213623047,80.97000122070312,81.36000061035156,1438500
2019-11-06,64.06272888183594,81.08999633789062,81.44000244140625,80.0999984741211,80.97000122070312,908900
2019-11-07,65.54006958007812,82.95999908447266,83.0999984741211,81.55000305175781,82.05000305175781,1672600
2019-11-08,66.28271484375,83.9000015258789,83.98999786376953,81.69999694824219,82.37999725341797,1609300
2019-11-11,65.31887817382812,82.68000030517578,83.4000015258789,82.30999755859375,83.1500015258789,739600
2019-11-12,65.06607818603516,82.36000061035156,83.27999877929688,81.9000015258789,82.7300033569336,1136900
2019-11-13,63.177940368652344,79.97000122070312,81.36000061035156,79.9000015258789,81.2699966430664,913000
2019-11-14,63.06732177734375,79.83000183105469,80.36000061035156,79.3499984741211,79.6500015258789,839500
2019-11-15,62.940921783447266,79.66999816894531,80.54000091552734,79.41000366210938,80.5,786400
2019-11-18,62.62489318847656,79.2699966430664,79.30000305175781,77.95999908447266,79.30000305175781,917600
2019-11-19,61.98500061035156,78.45999908447266,79.66999816894531,77.9800033569336,79.66999816894531,726600
2019-11-20,60.72884750366211,76.87000274658203,78.33999633789062,76.55000305175781,77.80000305175781,867300
2019-11-21,61.2818717956543,77.56999969482422,77.88999938964844,76.51000213623047,77.05999755859375,764500
2019-11-22,61.29766845703125,77.58999633789062,79.06999969482422,77.47000122070312,78.12999725341797,985500
2019-11-25,62.53801727294922,79.16000366210938,79.29000091552734,77.55000305175781,78.0199966430664,922100
2019-11-26,61.945499420166016,78.41000366210938,79.48999786376953,78.37000274658203,79.11000061035156,916700
2019-11-27,62.48269271850586,79.08999633789062,79.25,78.05000305175781,78.63999938964844,678700
2019-11-29,61.91389846801758,78.37000274658203,79.06999969482422,78.27999877929688,78.70999908447266,298200
2019-12-02,61.921775817871094,78.37999725341797,79.79000091552734,78.37000274658203,78.80999755859375,894100
2019-12-03,59.662330627441406,75.5199966430664,77.16999816894531,75.30000305175781,76.9000015258789,1358900
2019-12-04,59.26731872558594,75.0199966430664,77.04000091552734,74.97000122070312,76.37999725341797,1673000
2019-12-05,59.79662322998047,75.69000244140625,75.98999786376953,75.05999755859375,75.58999633789062,1109000
2019-12-06,61.2265739440918,77.5,78.0,76.16000366210938,76.83000183105469,1262400
2019-12-09,61.15546417236328,77.41000366210938,77.91000366210938,77.0199966430664,77.79000091552734,703900
2019-12-10,60.239036560058594,76.25,77.18000030517578,75.93000030517578,77.06999969482422,763000
2019-12-11,60.85526657104492,77.02999877929688,77.25,76.37999725341797,76.66999816894531,719400
2019-12-12,63.162105560302734,79.94999694824219,80.0999984741211,76.76000213623047,76.9800033569336,1250900
2019-12-13,62.588584899902344,78.56999969482422,80.19000244140625,78.20999908447266,79.58999633789062,1025000
2019-12-16,62.86735916137695,78.91999816894531,79.9000015258789,78.7300033569336,79.51000213623047,1067600
2019-12-17,63.24973678588867,79.4000015258789,79.5,78.68000030517578,78.91999816894531,1327000
2019-12-18,63.53651809692383,79.76000213623047,79.83000183105469,78.77999877929688,79.41000366210938,875500
2019-12-19,63.656028747558594,79.91000366210938,80.41999816894531,79.36000061035156,80.02999877929688,991200
2019-12-20,62.588584899902344,78.56999969482422,80.2699966430664,78.48999786376953,80.2699966430664,2856100
2019-12-23,62.86735916137695,78.91999816894531,79.02999877929688,78.05000305175781,78.5,509900
2019-12-24,62.947025299072266,79.0199966430664,79.23999786376953,78.66000366210938,79.12999725341797,162500
2019-12-26,62.819576263427734,78.86000061035156,79.16999816894531,78.26000213623047,79.16999816894531,282400
2019-12-27,62.40535354614258,78.33999633789062,79.26000213623047,78.22000122070312,79.26000213623047,646400
2019-12-30,62.413299560546875,78.3499984741211,78.87000274658203,77.95999908447266,78.33999633789062,556800
2019-12-31,63.13822555541992,79.26000213623047,79.41000366210938,78.05000305175781,78.30000305175781,895800
2020-01-02,62.66823959350586,78.66999816894531,80.4000015258789,78.56999969482422,80.4000015258789,1187000
2020-01-03,60.50148391723633,75.94999694824219,77.58000183105469,75.93000030517578,77.4000015258789,1461500
2020-01-06,60.15098571777344,75.51000213623047,76.83999633789062,75.4000015258789,75.63999938964844,1274600
2020-01-07,59.728790283203125,74.9800033569336,75.77999877929688,74.18000030517578,74.62000274658203,1431800
2020-01-08,59.90403747558594,75.19999694824219,75.48999786376953,74.2699966430664,75.13999938964844,965900
2020-01-09,60.03947448730469,75.37000274658203,75.68000030517578,74.36000061035156,75.25,1013900
2020-01-10,59.577430725097656,74.79000091552734,76.05000305175781,74.6500015258789,75.48999786376953,707500
2020-01-13,60.692691802978516,76.19000244140625,76.30999755859375,74.86000061035156,75.0999984741211,828800
2020-01-14,60.96351623535156,76.52999877929688,77.41000366210938,76.12000274658203,76.58999633789062,1172100
2020-01-15,60.70063400268555,76.19999694824219,76.66000366210938,75.66000366210938,75.83000183105469,604100
2020-01-16,61.28215026855469,76.93000030517578,76.94000244140625,75.97000122070312,76.45999908447266,713900
2020-01-17,61.69638442993164,77.44999694824219,77.6500015258789,76.68000030517578,77.12999725341797,1343000
2020-01-21,60.310306549072266,75.70999908447266,77.05999755859375,75.22000122070312,76.98999786376953,715900
2020-01-22,58.58169937133789,73.54000091552734,75.95999908447266,73.43000030517578,75.66000366210938,1213800
2020-01-23,58.995914459228516,74.05999755859375,74.16999816894531,71.62000274658203,72.9800033569336,1356000
2020-01-24,58.28695297241211,73.16999816894531,74.1500015258789,72.9000015258789,74.1500015258789,1472500
2020-01-27,55.626312255859375,69.83000183105469,71.48999786376953,69.80999755859375,71.08999633789062,1960400
2020-01-28,55.881229400634766,70.1500015258789,70.80999755859375,69.75,70.29000091552734,1576200
2020-01-29,56.422916412353516,70.83000183105469,71.63999938964844,70.45999908447266,70.51000213623047,1315300
2020-01-30,55.403282165527344,69.55000305175781,69.91999816894531,68.58000183105469,69.83000183105469,2051800
2020-01-31,56.773414611816406,71.2699966430664,73.16999816894531,69.63999938964844,69.69000244140625,2693200
2020-02-03,57.514244079589844,72.19999694824219,72.75,71.16999816894531,71.6500015258789,1431000
2020-02-04,58.21527099609375,73.08000183105469,74.19000244140625,72.80999755859375,73.3499984741211,1198500
2020-02-05,60.11912536621094,75.47000122070312,75.51000213623047,73.62000274658203,73.95999908447266,1485100
2020-02-06,58.876441955566406,73.91000366210938,75.87999725341797,73.30999755859375,75.80000305175781,1113700
2020-02-07,57.65764236450195,72.37999725341797,73.7300033569336,72.11000061035156,73.0,891900
2020-02-10,58.25508499145508,73.12999725341797,73.4000015258789,71.9000015258789,72.08000183105469,1079500
2020-02-11,59.187110900878906,74.30000305175781,75.43000030517578,73.54000091552734,73.7300033569336,703300
2020-02-12,60.286407470703125,75.68000030517578,76.76000213623047,75.0,75.5,772200
2020-02-13,59.76860809326172,75.02999877929688,75.72000122070312,74.44000244140625,75.08999633789062,654900
2020-02-14,59.5296516418457,74.7300033569336,75.16999816894531,73.75,75.08999633789062,799800
2020-02-18,57.91255187988281,72.69999694824219,74.16999816894531,71.77999877929688,73.9000015258789,1439700
2020-02-19,58.27899169921875,73.16000366210938,73.43000030517578,72.38999938964844,73.0,801200
2020-02-20,59.05168533325195,74.12999725341797,74.48999786376953,73.08000183105469,73.19000244140625,664200
2020-02-21,58.629478454589844,73.5999984741211,73.93000030517578,73.11000061035156,73.54000091552734,679500
2020-02-24,56.59018325805664,71.04000091552734,71.58000183105469,70.4000015258789,71.05999755859375,1511600
2020-02-25,53.029422760009766,66.56999969482422,71.36000061035156,66.19000244140625,71.36000061035156,1417200
2020-02-26,52.423988342285156,65.80999755859375,67.9000015258789,65.75,67.1500015258789,1106100
2020-02-27,49.77134323120117,62.47999954223633,65.97000122070312,62.47999954223633,64.20999908447266,2797000
2020-02-28,48.99864196777344,61.5099983215332,62.029998779296875,59.310001373291016,60.41999816894531,3081300
2020-03-02,50.12980651855469,62.93000030517578,63.0099983215332,60.13999938964844,62.209999084472656,2238700
2020-03-03,48.55254364013672,60.95000076293945,64.1500015258789,60.34000015258789,62.779998779296875,1541600
2020-03-04,50.113868713378906,62.90999984741211,63.0,60.5,62.029998779296875,1261700
2020-03-05,47.564762115478516,59.709999084472656,61.310001373291016,59.31999969482422,60.5099983215332,1641900
2020-03-06,46.02733612060547,57.779998779296875,59.47999954223633,56.56999969482422,57.72999954223633,1990800
2020-03-09,39.88557815551758,50.06999969482422,56.040000915527344,49.75,53.099998474121094,2000900
2020-03-10,41.21589660644531,51.7400016784668,53.11000061035156,49.91999816894531,52.7400016784668,2367100
2020-03-11,37.846290588378906,47.5099983215332,50.099998474121094,47.09000015258789,49.779998779296875,2452000
2020-03-12,33.78365707397461,42.40999984741211,44.119998931884766,36.54999923706055,43.189998626708984,4118200
2020-03-13,37.47354507446289,46.310001373291016,46.38999938964844,41.630001068115234,46.369998931884766,1955100
2020-03-16,32.37566375732422,40.0099983215332,43.93000030517578,38.0,38.290000915527344,2060600
2020-03-17,32.990657806396484,40.77000045776367,42.06999969482422,39.0,41.15999984741211,2340800
2020-03-18,31.250883102416992,38.619998931884766,38.849998474121094,34.439998626708984,37.38999938964844,2030600
2020-03-19,33.379051208496094,41.25,43.15999984741211,35.93000030517578,37.5,1497200
2020-03-20,33.02301025390625,40.810001373291016,43.0,39.099998474121094,42.11000061035156,2037800
2020-03-23,31.06476593017578,38.38999938964844,41.97999954223633,38.119998931884766,39.97999954223633,1704100
2020-03-24,33.64608383178711,41.58000183105469,42.869998931884766,40.0099983215332,41.869998931884766,1531900
2020-03-25,37.692039489746094,46.58000183105469,48.59000015258789,42.5,43.099998474121094,1566200
2020-03-26,38.80062484741211,47.95000076293945,50.130001068115234,46.2599983215332,47.02000045776367,1365900
2020-03-27,37.60302734375,46.470001220703125,47.709999084472656,45.0099983215332,45.959999084472656,991300
2020-03-30,38.5255012512207,47.61000061035156,48.040000915527344,44.5,45.060001373291016,1295200
2020-03-31,37.692039489746094,46.58000183105469,48.22999954223633,46.09000015258789,47.439998626708984,2126600
2020-04-01,36.82619857788086,45.5099983215332,46.029998779296875,43.77000045776367,44.43000030517578,1842900
2020-04-02,36.721004486083984,45.380001068115234,48.130001068115234,44.810001373291016,45.880001068115234,2045000
2020-04-03,36.486351013183594,45.09000015258789,46.47999954223633,44.97999954223633,45.029998779296875,1414900
2020-04-06,40.605125427246094,50.18000030517578,50.56999969482422,47.290000915527344,47.599998474121094,1718300
2020-04-07,42.78183364868164,52.869998931884766,54.13999938964844,52.20000076293945,52.650001525878906,2548700
2020-04-08,45.751556396484375,56.540000915527344,57.0,52.77000045776367,53.02000045776367,1773400
2020-04-09,48.31669235229492,59.709999084472656,61.099998474121094,57.47999954223633,58.619998931884766,2011900
2020-04-13,46.8763313293457,57.93000030517578,59.63999938964844,56.869998931884766,59.52000045776367,2318400
2020-04-14,45.62208938598633,56.380001068115234,59.13999938964844,55.470001220703125,58.790000915527344,1857100
2020-04-15,42.07783889770508,52.0,54.18000030517578,51.68000030517578,53.52000045776367,1767400
2020-04-16,42.263946533203125,52.22999954223633,52.439998626708984,50.369998931884766,51.959999084472656,1394600
2020-04-17,44.5863151550293,55.099998474121094,55.63999938964844,53.849998474121094,53.849998474121094,1563800
2020-04-20,43.3806266784668,53.61000061035156,55.31999969482422,52.95000076293945,53.88999938964844,1053400
2020-04-21,42.66046142578125,52.720001220703125,53.720001220703125,51.54999923706055,52.189998626708984,914000
2020-04-22,43.59101486206055,53.869998931884766,54.400001525878906,52.83000183105469,54.130001068115234,568700
2020-04-23,45.3145866394043,56.0,56.84000015258789,54.61000061035156,54.68000030517578,895200
2020-04-24,46.34226608276367,57.27000045776367,57.560001373291016,55.720001220703125,56.7599983215332,1099200
2020-04-27,48.025386810302734,59.349998474121094,61.0,57.41999816894531,57.43000030517578,1869300
2020-04-28,49.07732391357422,60.650001525878906,61.58000183105469,59.150001525878906,60.54999923706055,1575100
2020-04-29,51.35923767089844,63.470001220703125,63.81999969482422,61.779998779296875,62.400001525878906,1415300
2020-04-30,48.96403121948242,60.5099983215332,62.220001220703125,60.439998626708984,62.15999984741211,1665200
2020-05-01,48.567535400390625,60.02000045776367,64.19000244140625,59.810001373291016,62.61000061035156,2101300
2020-05-04,49.07732391357422,60.650001525878906,60.70000076293945,58.16999816894531,58.79999923706055,2284800
2020-05-05,48.64036178588867,60.11000061035156,62.11000061035156,59.97999954223633,61.20000076293945,1092300
2020-05-06,48.1710319519043,59.529998779296875,61.20000076293945,59.279998779296875,60.77000045776367,1099500
2020-05-07,48.93167495727539,60.470001220703125,61.59000015258789,60.119998931884766,60.459999084472656,1191500
2020-05-08,50.598602294921875,62.529998779296875,62.720001220703125,61.33000183105469,61.650001525878906,787600
2020-05-11,49.95124816894531,61.72999954223633,62.029998779296875,60.5,61.400001525878906,981900
2020-05-12,49.77322006225586,61.5099983215332,62.849998474121094,61.279998779296875,62.13999938964844,1610000
2020-05-13,48.3895149230957,59.79999923706055,61.0099983215332,59.25,60.970001220703125,1803000
2020-05-14,48.729373931884766,60.220001220703125,60.2599983215332,57.29999923706055,57.91999816894531,1402900
2020-05-15,48.527076721191406,59.970001220703125,60.290000915527344,59.2599983215332,59.779998779296875,1349700
2020-05-18,50.922264099121094,62.93000030517578,63.66999816894531,62.33000183105469,62.560001373291016,1595600
2020-05-19,51.30259704589844,63.400001525878906,64.16000366210938,61.880001068115234,62.72999954223633,1236600
2020-05-20,53.05853271484375,65.56999969482422,66.2300033569336,64.37000274658203,64.52999877929688,1509000
2020-05-21,52.92098617553711,65.4000015258789,66.06999969482422,64.68000030517578,64.8499984741211,829600
2020-05-22,52.96952438354492,65.45999908447266,65.62000274658203,64.55999755859375,64.69000244140625,710200
2020-05-26,55.54275131225586,68.63999938964844,69.20999908447266,67.5999984741211,67.9800033569336,2068700
2020-05-27,56.44094467163086,69.75,71.05999755859375,68.43000030517578,70.3499984741211,1624100
2020-05-28,55.38898849487305,68.44999694824219,70.93000030517578,68.2699966430664,70.83000183105469,1350900
2020-05-29,55.089603424072266,68.08000183105469,68.62999725341797,67.1500015258789,67.80000305175781,2490100
2020-06-01,55.47801208496094,68.55999755859375,68.81999969482422,67.66000366210938,68.26000213623047,705000
2020-06-02,57.395790100097656,70.93000030517578,71.30000305175781,68.70999908447266,69.12000274658203,1076000
2020-06-03,58.14025115966797,71.8499984741211,72.98999786376953,71.2699966430664,72.02999877929688,1051700
2020-06-04,59.32166290283203,73.30999755859375,73.33999633789062,71.12999725341797,71.51000213623047,1302400
2020-06-05,62.242835998535156,76.91999816894531,77.52999877929688,74.62000274658203,76.70999908447266,1899800
2020-06-08,62.58270263671875,77.33999633789062,77.9800033569336,76.36000061035156,77.38999938964844,1174000
2020-06-09,62.323760986328125,77.0199966430664,77.5,74.63999938964844,75.37999725341797,1487800
2020-06-10,61.207054138183594,75.63999938964844,77.44999694824219,75.26000213623047,77.12000274658203,1537900
2020-06-11,53.835350036621094,66.52999877929688,72.83000183105469,66.5,72.0,1976900
2020-06-12,56.90838623046875,69.62999725341797,70.11000061035156,67.75,68.87999725341797,1199300
2020-06-15,56.88386917114258,69.5999984741211,70.1500015258789,66.33999633789062,67.13999938964844,1027000
2020-06-16,58.48576736450195,71.55999755859375,73.41999816894531,69.94999694824219,72.45999908447266,1007700
2020-06-17,57.619449615478516,70.5,72.1500015258789,70.27999877929688,72.11000061035156,979900
2020-06-18,57.570411682128906,70.44000244140625,71.05000305175781,69.56999969482422,69.72000122070312,813500
2020-06-19,56.793975830078125,69.48999786376953,72.06999969482422,68.87000274658203,71.91000366210938,2802100
2020-06-22,56.60599136352539,69.26000213623047,69.72000122070312,68.4000015258789,69.02999877929688,1036100
2020-06-23,56.663204193115234,69.33000183105469,70.69999694824219,69.31999969482422,70.43000030517578,1126100
2020-06-24,54.63630676269531,66.8499984741211,68.2300033569336,66.13999938964844,68.2300033569336,1092400
2020-06-25,55.34736251831055,67.72000122070312,67.83000183105469,65.86000061035156,66.37000274658203,818300
2020-06-26,54.987754821777344,67.27999877929688,67.83000183105469,66.33999633789062,67.37999725341797,1392400
2020-06-29,56.655029296875,69.31999969482422,69.83000183105469,67.8499984741211,67.91000366210938,799200
2020-06-30,56.916568756103516,69.63999938964844,70.36000061035156,67.83000183105469,68.83999633789062,1290100
2020-07-01,56.14830780029297,68.69999694824219,69.68000030517578,68.05999755859375,69.55000305175781,1356700
2020-07-02,57.194454193115234,69.9800033569336,71.58999633789062,69.19000244140625,70.08999633789062,1019400
2020-07-06,58.82086944580078,71.97000122070312,72.04000091552734,70.06999969482422,71.83000183105469,1161700
2020-07-07,58.273277282714844,71.30000305175781,72.20999908447266,70.80000305175781,71.19000244140625,1079300
2020-07-08,57.039154052734375,69.79000091552734,71.3499984741211,68.70999908447266,71.06999969482422,1303300
2020-07-09,55.829566955566406,68.30999755859375,69.73999786376953,67.69000244140625,69.73999786376953,980400
2020-07-10,57.36606979370117,70.19000244140625,70.3499984741211,68.23999786376953,68.30999755859375,659300
2020-07-13,58.3713493347168,71.41999816894531,72.5199966430664,70.37999725341797,71.11000061035156,1004500
2020-07-14,59.67903137207031,73.0199966430664,73.16999816894531,71.01000213623047,71.05000305175781,1058300
2020-07-15,61.485260009765625,75.2300033569336,75.55000305175781,73.87999725341797,74.33999633789062,1120200
2020-07-16,61.82852554321289,75.6500015258789,76.0,74.41000366210938,75.0,770900
2020-07-17,62.02466583251953,75.88999938964844,76.19999694824219,75.04000091552734,76.0199966430664,956200
2020-07-20,61.289100646972656,74.98999786376953,75.98999786376953,74.37000274658203,75.26000213623047,958800
2020-07-21,62.28619384765625,76.20999908447266,76.56999969482422,75.05000305175781,75.05000305175781,870500
2020-07-22,62.60494613647461,76.5999984741211,76.69000244140625,75.69000244140625,76.0199966430664,580500
2020-07-23,62.506874084472656,76.4800033569336,77.0999984741211,75.5,76.31999969482422,545900
2020-07-24,62.63764953613281,76.63999938964844,77.30000305175781,76.08000183105469,76.5999984741211,757800
2020-07-27,64.0924301147461,78.41999816894531,78.95999908447266,75.91000366210938,76.62999725341797,1100000
2020-07-28,62.40879821777344,76.36000061035156,78.13999938964844,76.08000183105469,77.80999755859375,826100
2020-07-29,63.28331756591797,77.43000030517578,77.55999755859375,76.2300033569336,76.7699966430664,638900
2020-07-30,61.24824142456055,74.94000244140625,76.06999969482422,74.33000183105469,75.98999786376953,706900
2020-07-31,60.9948844909668,74.62999725341797,75.05000305175781,73.5,74.79000091552734,1873700
2020-08-03,61.43621063232422,75.16999816894531,75.98999786376953,74.19000244140625,74.98999786376953,1032200
2020-08-04,58.093482971191406,71.08000183105469,72.94999694824219,69.63999938964844,72.8499984741211,1991700
2020-08-05,59.303070068359375,72.55999755859375,73.62000274658203,71.25,71.25,1475400
2020-08-06,58.780006408691406,71.91999816894531,72.52999877929688,71.55000305175781,72.19999694824219,881000
2020-08-07,59.711727142333984,73.05999755859375,73.05999755859375,71.0,71.55000305175781,655100
2020-08-10,60.68431091308594,74.25,74.54000091552734,72.7699966430664,72.7699966430664,953900
2020-08-11,61.44439697265625,75.18000030517578,76.47000122070312,74.94000244140625,75.48999786376953,724300
2020-08-12,60.136714935302734,73.58000183105469,75.94000244140625,73.48999786376953,75.5,1099500
2020-08-13,59.965087890625,73.37000274658203,74.02999877929688,72.87000274658203,73.30999755859375,612900
2020-08-14,59.89970779418945,73.29000091552734,73.55000305175781,72.5199966430664,72.72000122070312,370900
2020-08-17,59.172306060791016,72.4000015258789,73.94999694824219,71.68000030517578,73.12000274658203,1138200
2020-08-18,58.76365280151367,71.9000015258789,73.08000183105469,71.86000061035156,72.30999755859375,517600
2020-08-19,58.7473258972168,71.87999725341797,72.44000244140625,71.5199966430664,72.19999694824219,494800
2020-08-20,58.3958854675293,71.44999694824219,71.91999816894531,71.05999755859375,71.05999755859375,482300
2020-08-21,57.864627838134766,70.80000305175781,71.63999938964844,70.5,71.26000213623047,681400
2020-08-24,59.94056701660156,73.33999633789062,73.43000030517578,71.3499984741211,71.45999908447266,634200
2020-08-25,60.038639068603516,73.45999908447266,74.55000305175781,73.01000213623047,73.58000183105469,1404700
2020-08-26,59.89152526855469,73.27999877929688,74.0999984741211,73.11000061035156,73.37000274658203,534500
2020-08-27,60.390079498291016,73.88999938964844,74.19000244140625,72.55000305175781,73.43000030517578,718300
2020-08-28,60.83140182495117,74.43000030517578,74.58999633789062,72.5999984741211,74.16999816894531,565300
2020-08-31,59.752593994140625,73.11000061035156,74.58000183105469,72.98999786376953,74.5,983300
2020-09-01,62.6131477355957,76.61000061035156,76.63999938964844,72.0199966430664,72.69000244140625,1228500
2020-09-02,64.64002990722656,79.08999633789062,79.2699966430664,76.11000061035156,76.98999786376953,1326200
2020-09-03,63.45492935180664,77.63999938964844,78.9800033569336,76.4800033569336,78.68000030517578,1425300
2020-09-04,64.5092544555664,78.93000030517578,79.43000030517578,77.54000091552734,78.6500015258789,1438800
2020-09-08,63.37321853637695,77.54000091552734,78.45999908447266,76.44000244140625,77.91999816894531,1383500
2020-09-09,65.22030639648438,79.80000305175781,80.16999816894531,78.06999969482422,78.27999877929688,945000
2020-09-10,64.1578140258789,78.5,80.19000244140625,78.19000244140625,79.80999755859375,1039800
2020-09-11,65.38377380371094,80.0,80.05000305175781,78.23999786376953,79.05000305175781,989800
2020-09-14,66.75176239013672,81.0,81.01000213623047,79.33000183105469,80.19999694824219,1300100
2020-09-15,66.0512924194336,80.1500015258789,81.31999969482422,79.5999984741211,80.94000244140625,1354500
2020-09-16,68.19393157958984,82.75,83.56999969482422,80.2300033569336,80.62000274658203,1518800
2020-09-17,70.44371795654297,85.4800033569336,86.31999969482422,80.98999786376953,82.27999877929688,1739000
2020-09-18,69.08394622802734,83.83000183105469,85.44000244140625,83.02999877929688,84.41000366210938,1794800
2020-09-21,66.39739227294922,80.56999969482422,82.51000213623047,79.80000305175781,82.38999938964844,1426300
2020-09-22,65.11180877685547,79.01000213623047,81.01000213623047,77.87999725341797,80.47000122070312,1002900
2020-09-23,63.46363067626953,77.01000213623047,79.6500015258789,76.86000061035156,78.9000015258789,977200
2020-09-24,63.488338470458984,77.04000091552734,77.66000366210938,75.72000122070312,76.91999816894531,781500
2020-09-25,63.70261001586914,77.30000305175781,77.55999755859375,76.01000213623047,76.27999877929688,607700
2020-09-28,64.69976043701172,78.51000213623047,79.43000030517578,78.11000061035156,78.44000244140625,1035000
2020-09-29,63.579010009765625,77.1500015258789,78.95999908447266,76.91999816894531,78.44000244140625,535800
2020-09-30,64.37837219238281,78.12000274658203,79.12999725341797,77.44999694824219,77.44999694824219,1046800
2020-10-01,62.886756896972656,76.30999755859375,78.76000213623047,76.01000213623047,78.08000183105469,893400
2020-10-02,64.4195785522461,78.16999816894531,78.98999786376953,74.83999633789062,75.01000213623047,881400
2020-10-05,66.34795379638672,80.51000213623047,81.01000213623047,78.81999969482422,78.88999938964844,886600
2020-10-06,66.13368225097656,80.25,82.9000015258789,79.93000030517578,81.23999786376953,1288200
2020-10-07,68.8284683227539,83.5199966430664,84.23999786376953,81.8499984741211,81.8499984741211,858600
2020-10-08,70.37779235839844,85.4000015258789,85.44000244140625,83.70999908447266,84.0,807000
2020-10-09,71.00410461425781,86.16000366210938,86.72000122070312,85.45999908447266,86.06999969482422,723100
2020-10-12,70.74861907958984,85.8499984741211,86.66000366210938,85.18000030517578,86.66000366210938,725400
2020-10-13,69.65258026123047,84.5199966430664,85.12000274658203,83.3499984741211,84.9000015258789,616100
2020-10-14,70.55084228515625,85.61000061035156,85.94000244140625,84.66999816894531,84.81999969482422,384200
2020-10-15,70.97938537597656,86.12999725341797,86.1500015258789,83.95999908447266,84.5,603100
2020-10-16,71.27604675292969,86.48999786376953,87.20999908447266,85.9800033569336,86.54000091552734,471600
2020-10-19,70.69095611572266,85.77999877929688,88.04000091552734,85.62000274658203,86.91000366210938,744600
2020-10-20,71.399658203125,86.63999938964844,87.91000366210938,86.3499984741211,86.48999786376953,386900
2020-10-21,70.33657836914062,85.3499984741211,87.3499984741211,85.13999938964844,86.08000183105469,487300
2020-10-22,70.95465850830078,86.0999984741211,86.26000213623047,83.23999786376953,85.83999633789062,662200
2020-10-23,71.96004486083984,87.31999969482422,87.62999725341797,86.13999938964844,86.77999877929688,764900
2020-10-26,69.89981842041016,84.81999969482422,85.94999694824219,83.6500015258789,85.68000030517578,648400
2020-10-27,67.94671630859375,82.44999694824219,84.70999908447266,82.16000366210938,84.54000091552734,783300
2020-10-28,66.15019226074219,80.2699966430664,81.05000305175781,78.87999725341797,80.16000366210938,900500
2020-10-29,67.48521423339844,81.88999938964844,82.63999938964844,79.37999725341797,80.1500015258789,943000
2020-10-30,66.61991882324219,80.83999633789062,83.29000091552734,79.30999755859375,80.41000366210938,940000
2020-11-02,68.66366577148438,83.31999969482422,84.27999877929688,81.37000274658203,82.30000305175781,934300
2020-11-03,69.74323272705078,84.62999725341797,85.25,83.12999725341797,84.79000091552734,590800
2020-11-04,68.32579803466797,82.91000366210938,84.55999755859375,81.29000091552734,84.18000030517578,772900
2020-11-05,71.2183609008789,86.41999816894531,87.44999694824219,83.81999969482422,83.81999969482422,519200
2020-11-06,70.07289123535156,85.02999877929688,86.9000015258789,84.73999786376953,86.77999877929688,506200
2020-11-09,74.4488296508789,90.33999633789062,93.0999984741211,89.2699966430664,90.0999984741211,1084100
2020-11-10,76.9705581665039,93.4000015258789,93.83999633789062,90.30999755859375,90.36000061035156,1135700
2020-11-11,75.6190414428711,91.76000213623047,93.69999694824219,90.80999755859375,93.1500015258789,714800
2020-11-12,74.78670501708984,90.75,91.73999786376953,90.08999633789062,90.7300033569336,905800
2020-11-13,77.46501159667969,94.0,94.31999969482422,91.0999984741211,91.0999984741211,737900
2020-11-16,80.76138305664062,98.0,98.5199966430664,94.87999725341797,95.05999755859375,1102300
2020-11-17,79.9455337524414,97.01000213623047,97.0199966430664,95.41000366210938,97.0,1197300
2020-11-18,79.71479797363281,96.7300033569336,97.91000366210938,96.12000274658203,97.33999633789062,643400
2020-11-19,79.53349304199219,96.51000213623047,96.54000091552734,94.33000183105469,96.01000213623047,845600
2020-11-20,79.56644439697266,96.55000305175781,96.98999786376953,95.44000244140625,96.31999969482422,761400
2020-11-23,82.40959167480469,100.0,100.06999969482422,96.72000122070312,97.0,1114100
2020-11-24,85.06314849853516,103.22000122070312,103.7300033569336,99.80000305175781,100.9000015258789,1237000
2020-11-25,82.27772521972656,99.83999633789062,102.54000091552734,99.41000366210938,102.0,855500
2020-11-27,82.32717895507812,99.9000015258789,100.9000015258789,98.73999786376953,100.5,353300
2020-11-30,80.2669448852539,97.4000015258789,99.83000183105469,97.20999908447266,99.61000061035156,1454000
2020-12-01,81.4041976928711,98.77999877929688,100.58999633789062,97.87999725341797,99.19000244140625,707700
2020-12-02,80.90972900390625,98.18000030517578,99.63999938964844,97.83000183105469,99.13999938964844,793200
2020-12-03,80.885009765625,98.1500015258789,99.05000305175781,96.8499984741211,98.44000244140625,1063100
2020-12-04,84.37916564941406,102.38999938964844,102.44000244140625,98.93000030517578,99.48999786376953,1167700
2020-12-07,83.82703399658203,101.72000122070312,102.31999969482422,101.0,101.7699966430664,1431000
2020-12-08,85.02195739746094,103.16999816894531,103.6500015258789,100.70999908447266,101.30000305175781,811800
2020-12-09,85.82958984375,104.1500015258789,104.83000183105469,103.13999938964844,103.43000030517578,1247200
2020-12-10,84.8653793334961,102.9800033569336,104.31999969482422,102.55999755859375,103.0,1247800
2020-12-11,84.46984100341797,102.5,102.98999786376953,101.38999938964844,101.97000122070312,949200
2020-12-14,83.12574768066406,100.19000244140625,103.38999938964844,99.75,102.88999938964844,1200400
2020-12-15,84.19602966308594,101.4800033569336,102.01000213623047,100.2699966430664,101.2699966430664,973300
2020-12-16,84.3785629272461,101.69999694824219,101.8499984741211,100.58000183105469,101.8499984741211,868400
2020-12-17,85.04231262207031,102.5,103.06999969482422,101.37000274658203,102.33000183105469,1028700
2020-12-18,86.02132415771484,103.68000030517578,103.9000015258789,101.68000030517578,102.4000015258789,2835800
2020-12-21,85.10868072509766,102.58000183105469,102.91999816894531,100.55000305175781,102.54000091552734,785100
2020-12-22,83.77288818359375,100.97000122070312,102.81999969482422,100.86000061035156,102.81999969482422,919200
2020-12-23,83.73140716552734,100.91999816894531,102.54000091552734,100.80999755859375,101.62000274658203,511200
2020-12-24,84.05497741699219,101.30999755859375,101.41000366210938,100.19999694824219,100.80000305175781,154100
2020-12-28,82.59474182128906,99.55000305175781,102.08000183105469,99.5199966430664,102.0199966430664,330200
2020-12-29,82.08033752441406,98.93000030517578,100.69000244140625,97.87999725341797,100.2300033569336,459500
2020-12-30,83.19212341308594,100.2699966430664,100.5199966430664,99.22000122070312,99.30000305175781,391200
2020-12-31,83.2004165649414,100.27999877929688,100.83000183105469,99.37999725341797,100.63999938964844,513700
2021-01-04,81.78995513916016,98.58000183105469,101.5,98.12000274658203,101.16000366210938,1205600
2021-01-05,84.15453338623047,101.43000030517578,102.48999786376953,98.77999877929688,98.77999877929688,994700
2021-01-06,88.86712646484375,107.11000061035156,108.69999694824219,102.91000366210938,103.12999725341797,1194600
2021-01-07,89.28197479248047,107.61000061035156,109.19999694824219,107.18000030517578,108.25,1027100
2021-01-08,87.72218322753906,105.7300033569336,107.83000183105469,104.2699966430664,107.01000213623047,842000
2021-01-11,88.91691589355469,107.16999816894531,107.27999877929688,104.19999694824219,104.68000030517578,659700
2021-01-12,91.31468200683594,110.05999755859375,110.2699966430664,106.8499984741211,107.30000305175781,839500
2021-01-13,88.43569946289062,106.58999633789062,110.19000244140625,106.36000061035156,109.38999938964844,966000
2021-01-14,88.34443664550781,106.4800033569336,107.37000274658203,105.08999633789062,107.27999877929688,886700
2021-01-15,86.93396759033203,104.77999877929688,105.87000274658203,103.70999908447266,105.62000274658203,593500
2021-01-19,87.00865936279297,104.87000274658203,105.54000091552734,103.75,105.41999816894531,499700
2021-01-20,87.65581512451172,105.6500015258789,105.80999755859375,104.18000030517578,105.43000030517578,494700
2021-01-21,87.87982177734375,105.91999816894531,107.0999984741211,105.12000274658203,105.7699966430664,708900
2021-01-22,88.12873077392578,106.22000122070312,106.91000366210938,103.69000244140625,104.68000030517578,1063300
2021-01-25,86.86759948730469,104.69999694824219,106.18000030517578,103.29000091552734,104.72000122070312,861200
2021-01-26,85.76412963867188,103.37000274658203,105.91000366210938,103.16000366210938,105.80999755859375,861300
2021-01-27,83.21700286865234,100.30000305175781,102.18000030517578,99.52999877929688,101.43000030517578,993600
2021-01-28,82.90171813964844,99.91999816894531,101.30000305175781,99.72000122070312,101.30000305175781,1397800
2021-01-29,81.59913635253906,98.3499984741211,101.66999816894531,96.2699966430664,100.56999969482422,2675600
2021-02-01,82.96809387207031,100.0,100.26000213623047,97.80999755859375,100.0,1069200
2021-02-02,84.62747955322266,102.0,102.63999938964844,99.73999786376953,101.33000183105469,1400700
2021-02-03,85.13356018066406,102.61000061035156,103.13999938964844,101.55999755859375,101.88999938964844,616600
2021-02-04,84.77679443359375,102.18000030517578,103.41000366210938,101.87000274658203,102.7699966430664,670600
2021-02-05,86.70165252685547,104.5,104.69000244140625,102.45999908447266,103.2300033569336,504200
2021-02-08,89.15753173828125,107.45999908447266,107.75,104.9800033569336,105.5,736900
2021-02-09,88.0042495727539,106.06999969482422,107.47000122070312,105.75,107.38999938964844,586300
2021-02-10,87.19947052001953,105.0999984741211,107.04000091552734,104.22000122070312,107.04000091552734,738000
2021-02-11,88.34443664550781,106.4800033569336,107.30000305175781,104.88999938964844,105.63999938964844,735000
2021-02-12,90.6260757446289,109.2300033569336,109.55999755859375,106.94000244140625,107.0,1021000
2021-02-16,91.5304183959961,110.31999969482422,111.2300033569336,109.5,109.5,1171800
2021-02-17,91.47233581542969,110.25,110.55000305175781,108.01000213623047,109.75,613300
2021-02-18,90.31907653808594,108.86000061035156,110.05999755859375,107.98999786376953,109.72000122070312,637400
2021-02-19,92.85789489746094,111.91999816894531,112.63999938964844,109.04000091552734,109.23999786376953,738500
2021-02-22,94.09413146972656,113.41000366210938,113.98999786376953,111.11000061035156,111.55000305175781,752900
2021-02-23,93.22294616699219,112.36000061035156,113.31999969482422,110.66000366210938,113.31999969482422,658800
2021-02-24,94.06092834472656,113.37000274658203,114.36000061035156,111.79000091552734,112.16000366210938,832100
2021-02-25,91.39766693115234,110.16000366210938,114.41000366210938,110.05000305175781,114.0,727800
2021-02-26,90.65094757080078,109.26000213623047,110.44999694824219,107.16000366210938,109.12999725341797,973900
2021-03-01,92.7915267944336,111.83999633789062,113.31999969482422,110.61000061035156,111.08999633789062,815200
2021-03-02,94.03605651855469,113.33999633789062,114.29000091552734,111.61000061035156,111.61000061035156,1088900
2021-03-03,94.39281463623047,113.7699966430664,114.97000122070312,112.88999938964844,113.2699966430664,1130800
2021-03-04,92.25225067138672,111.19000244140625,114.23999786376953,108.55999755859375,113.41999816894531,791800
2021-03-05,95.6456298828125,115.27999877929688,115.77999877929688,110.33999633789062,112.37000274658203,834400
2021-03-08,96.6246566772461,116.45999908447266,118.81999969482422,115.12000274658203,115.6500015258789,721800
2021-03-09,94.8574447631836,114.33000183105469,117.19999694824219,114.26000213623047,116.79000091552734,850700
2021-03-10,96.99800872802734,116.91000366210938,117.94000244140625,114.5999984741211,114.5999984741211,808100
2021-03-11,97.91895294189453,118.0199966430664,119.01000213623047,117.0,117.75,690100
2021-03-12,97.91059875488281,117.31999969482422,118.37000274658203,116.62999725341797,117.80000305175781,433600
2021-03-15,94.6474838256836,113.41000366210938,117.30000305175781,111.36000061035156,116.83999633789062,1194900
2021-03-16,92.43590545654297,110.76000213623047,114.08000183105469,109.80000305175781,113.30999755859375,968600
2021-03-17,93.90472412109375,112.5199966430664,112.72000122070312,110.12999725341797,111.16000366210938,926700
2021-03-18,94.05493927001953,112.69999694824219,115.6500015258789,112.41000366210938,113.05000305175781,846100
2021-03-19,93.30382537841797,111.80000305175781,113.5,109.25,112.08000183105469,3980900
2021-03-22,93.6626968383789,112.2300033569336,112.69000244140625,110.2699966430664,110.9000015258789,1014800
2021-03-23,88.964111328125,106.5999984741211,111.77999877929688,106.11000061035156,110.55000305175781,1267700
2021-03-24,90.76676177978516,108.76000213623047,111.16999816894531,107.56999969482422,107.91000366210938,980700
2021-03-25,93.12857055664062,111.58999633789062,112.19000244140625,107.70999908447266,108.05999755859375,947500
2021-03-26,94.03824615478516,112.68000030517578,113.68000030517578,110.62000274658203,113.08000183105469,1041000
2021-03-29,91.95183563232422,110.18000030517578,113.37999725341797,110.05000305175781,111.81999969482422,626100
2021-03-30,93.06180572509766,111.51000213623047,112.62999725341797,109.9000015258789,110.31999969482422,801800
2021-03-31,91.90176391601562,110.12000274658203,112.41999816894531,109.36000061035156,111.47000122070312,1155300
2021-04-01,92.87820434570312,111.29000091552734,111.48999786376953,109.27999877929688,110.25,797200
2021-04-05,92.76972198486328,111.16000366210938,113.12999725341797,111.13999938964844,112.41999816894531,1151300
2021-04-06,93.11188507080078,111.56999969482422,113.81999969482422,111.08000183105469,111.16000366210938,1052500
2021-04-07,93.12023162841797,111.58000183105469,112.26000213623047,110.83000183105469,111.8499984741211,683100
2021-04-08,91.82665252685547,110.02999877929688,111.9000015258789,108.68000030517578,111.4000015258789,674300
2021-04-09,93.6626968383789,112.2300033569336,112.47000122070312,110.73999786376953,111.13999938964844,889700
2021-04-12,95.07308197021484,113.91999816894531,114.04000091552734,112.25,113.13999938964844,736100
2021-04-13,94.00485229492188,112.63999938964844,114.0,110.9800033569336,114.0,775700
2021-04-14,95.18160247802734,114.05000305175781,115.26000213623047,112.5199966430664,112.5199966430664,723900
2021-04-15,95.690673828125,114.66000366210938,115.37999725341797,112.87000274658203,114.41999816894531,689700
2021-04-16,95.92433166503906,114.94000244140625,116.36000061035156,114.05999755859375,115.81999969482422,618500
2021-04-19,94.77265167236328,113.55999755859375,115.37999725341797,112.9000015258789,115.37999725341797,690000
2021-04-20,93.52915954589844,112.06999969482422,113.41000366210938,111.16000366210938,112.91999816894531,607400
2021-04-21,95.43195343017578,114.3499984741211,114.5,111.29000091552734,111.81999969482422,439700
2021-04-22,92.44422149658203,110.7699966430664,114.2699966430664,110.4000015258789,114.2699966430664,973600
2021-04-23,94.8060531616211,113.5999984741211,114.12999725341797,110.69000244140625,111.66000366210938,940400
2021-04-26,96.5252456665039,115.66000366210938,116.16000366210938,113.91000366210938,113.91000366210938,694000
2021-04-27,96.62539672851562,115.77999877929688,116.05000305175781,114.20999908447266,114.20999908447266,581700
2021-04-28,96.27486419677734,115.36000061035156,116.97000122070312,115.25,116.16000366210938,586500
2021-04-29,97.3097152709961,116.5999984741211,116.9800033569336,115.3499984741211,116.2300033569336,625200
2021-04-30,96.29988861083984,115.38999938964844,118.5,115.20999908447266,116.30000305175781,805300
2021-05-03,98.77021026611328,118.3499984741211,119.30000305175781,116.4000015258789,116.93000030517578,631700
2021-05-04,101.10697937011719,121.1500015258789,121.1500015258789,117.4800033569336,117.97000122070312,978200
2021-05-05,102.68429565429688,123.04000091552734,123.80999755859375,121.06999969482422,121.62000274658203,819200
2021-05-06,103.51885986328125,124.04000091552734,124.18000030517578,121.45999908447266,123.08999633789062,549200
2021-05-07,104.29498291015625,124.97000122070312,125.43000030517578,122.05999755859375,122.87000274658203,571800
2021-05-10,104.21987915039062,124.87999725341797,127.44000244140625,124.80000305175781,126.41000366210938,1137300
2021-05-11,107.15753173828125,128.39999389648438,128.83999633789062,125.2699966430664,127.06999969482422,1631700
2021-05-12,104.38680267333984,125.08000183105469,128.9499969482422,125.02999877929688,127.97000122070312,1140200
2021-05-13,106.4815444946289,127.58999633789062,128.1300048828125,125.08000183105469,125.30999755859375,616400
2021-05-14,107.6499252319336,128.99000549316406,129.50999450683594,127.75,127.94000244140625,454800
2021-05-17,108.40103912353516,129.88999938964844,130.08999633789062,127.56999969482422,128.5,502800
2021-05-18,106.02252960205078,127.04000091552734,130.0399932861328,127.01000213623047,129.5500030517578,713000
2021-05-19,104.16146850585938,124.80999755859375,125.66999816894531,123.12999725341797,125.55999755859375,569000
2021-05-20,102.48399353027344,122.80000305175781,125.4000015258789,122.70999908447266,124.73999786376953,984700
2021-05-21,104.17816162109375,124.83000183105469,126.33000183105469,123.5,123.63999938964844,766300
2021-05-24,105.37157440185547,126.26000213623047,127.11000061035156,124.62999725341797,125.33000183105469,538300
2021-05-25,103.30187225341797,123.77999877929688,127.7699966430664,123.45999908447266,127.16999816894531,998600
2021-05-26,103.20172119140625,123.66000366210938,124.66000366210938,122.05999755859375,123.81999969482422,824400
2021-05-27,104.41182708740234,125.11000061035156,125.87000274658203,124.58000183105469,125.12999725341797,944600
2021-05-28,104.65386199951172,125.4000015258789,125.87999725341797,124.5,125.87999725341797,587200
2021-06-01,108.51788330078125,130.02999877929688,130.47000122070312,127.25,127.73999786376953,1011400
2021-06-02,106.6484603881836,127.79000091552734,129.97999572753906,127.37999725341797,129.61000061035156,691100
2021-06-03,107.64158630371094,128.97999572753906,129.0500030517578,126.29000091552734,126.94999694824219,598800
2021-06-04,107.91698455810547,129.30999755859375,129.8699951171875,128.44000244140625,129.64999389648438,401400
2021-06-07,106.69019317626953,127.83999633789062,129.94000244140625,127.25,129.94000244140625,374200
2021-06-08,107.19925689697266,128.4499969482422,129.22999572753906,126.08999633789062,127.66999816894531,510000
2021-06-09,105.77215576171875,126.73999786376953,128.44000244140625,126.33999633789062,128.1199951171875,895900
2021-06-10,104.29498291015625,124.97000122070312,128.82000732421875,124.91999816894531,128.75,364000
2021-06-11,104.5954360961914,125.33000183105469,126.58000183105469,124.08000183105469,125.56999969482422,463600
2021-06-14,102.46391296386719,122.0999984741211,124.91000366210938,121.33000183105469,124.69000244140625,659500
2021-06-15,102.70726776123047,122.38999938964844,123.4000015258789,121.47000122070312,122.33999633789062,453900
2021-06-16,101.94363403320312,121.4800033569336,122.62000274658203,120.51000213623047,122.19999694824219,749200
2021-06-17,98.15892791748047,116.97000122070312,121.5,114.79000091552734,121.5,620400
2021-06-18,95.79241943359375,114.1500015258789,116.68000030517578,113.94000244140625,115.79000091552734,1677400
2021-06-21,99.89602661132812,119.04000091552734,119.58999633789062,116.9800033569336,117.08999633789062,1334500
2021-06-22,98.9393539428711,117.9000015258789,119.69999694824219,117.66999816894531,119.45999908447266,729900
2021-06-23,98.23443603515625,117.05999755859375,118.68000030517578,117.01000213623047,118.18000030517578,612400
2021-06-24,98.36032104492188,117.20999908447266,117.87999725341797,116.4000015258789,117.7300033569336,724400
2021-06-25,97.99948120117188,116.77999877929688,118.77999877929688,116.58000183105469,117.62999725341797,750400
2021-06-28,97.00086975097656,115.58999633789062,116.6500015258789,114.36000061035156,116.6500015258789,681000
2021-06-29,97.42881774902344,116.0999984741211,117.38999938964844,115.3499984741211,116.56999969482422,485300
2021-06-30,97.97429656982422,116.75,117.0999984741211,115.66999816894531,115.66999816894531,590700
2021-07-01,98.11695098876953,116.91999816894531,118.56999969482422,115.87000274658203,118.01000213623047,475800
2021-07-02,97.94072723388672,116.70999908447266,117.05000305175781,115.33999633789062,116.47000122070312,306100
2021-07-06,94.88612365722656,113.06999969482422,116.79000091552734,112.33999633789062,116.47000122070312,618100
2021-07-07,95.76725769042969,114.12000274658203,114.29000091552734,112.12999725341797,112.31999969482422,753000
2021-07-08,93.58540344238281,111.5199966430664,112.69999694824219,110.62999725341797,111.83000183105469,595500
2021-07-09,96.4637680053711,114.94999694824219,115.37000274658203,112.79000091552734,113.52999877929688,721600
2021-07-12,96.69874572753906,115.2300033569336,115.94000244140625,113.02999877929688,114.37000274658203,537000
2021-07-13,95.2805404663086,113.54000091552734,115.2300033569336,112.87999725341797,115.2300033569336,452900
2021-07-14,95.13787078857422,113.37000274658203,114.73999786376953,112.87999725341797,113.87000274658203,735300
2021-07-15,94.73505401611328,112.88999938964844,114.66999816894531,112.25,112.25,590800
2021-07-16,91.63848114013672,109.19999694824219,113.83999633789062,108.7699966430664,113.23999786376953,945400
2021-07-19,88.6929702758789,105.69000244140625,107.01000213623047,104.80999755859375,106.70999908447266,983400
2021-07-20,90.7909164428711,108.19000244140625,108.70999908447266,105.16000366210938,105.75,827200
2021-07-21,92.1755599975586,109.83999633789062,111.08999633789062,109.16000366210938,109.8499984741211,512700
2021-07-22,90.84966278076172,108.26000213623047,109.86000061035156,107.83999633789062,109.76000213623047,625000
2021-07-23,92.35179901123047,110.05000305175781,110.31999969482422,107.95999908447266,109.12999725341797,819900
2021-07-26,93.81195831298828,111.79000091552734,112.16999816894531,109.94000244140625,110.41999816894531,601700
2021-07-27,93.02314758300781,110.8499984741211,112.06999969482422,108.54000091552734,110.36000061035156,563900
2021-07-28,93.24971771240234,111.12000274658203,112.06999969482422,109.41999816894531,111.0199966430664,717000
2021-07-29,94.6259765625,112.76000213623047,113.11000061035156,111.87000274658203,112.30000305175781,535300
2021-07-30,94.5924072265625,112.72000122070312,114.23999786376953,112.01000213623047,112.73999786376953,575000
2021-08-02,93.88749694824219,111.87999725341797,115.81999969482422,111.87999725341797,113.58000183105469,479000
2021-08-03,93.79517364501953,111.7699966430664,113.0,108.9000015258789,112.11000061035156,826300
2021-08-04,91.48743438720703,109.0199966430664,111.8499984741211,108.94000244140625,111.18000030517578,460200
2021-08-05,92.80494689941406,110.58999633789062,112.16000366210938,110.41000366210938,111.02999877929688,636900
2021-08-06,94.67632293701172,112.81999969482422,113.5199966430664,111.8499984741211,111.86000061035156,493200
2021-08-09,94.66793823242188,112.80999755859375,113.25,111.25,111.87999725341797,451500
2021-08-10,96.04417419433594,114.44999694824219,115.43000030517578,112.61000061035156,112.61000061035156,459600
2021-08-11,97.97429656982422,116.75,116.80000305175781,114.5999984741211,115.43000030517578,605900
2021-08-12,97.61344909667969,116.31999969482422,116.98999786376953,114.51000213623047,116.47000122070312,597600
2021-08-13,97.09314727783203,115.69999694824219,116.62999725341797,115.41999816894531,116.04000091552734,387900
2021-08-16,96.27915954589844,114.7300033569336,115.22000122070312,112.87000274658203,114.58000183105469,461700
2021-08-17,94.84416198730469,113.0199966430664,114.05999755859375,111.36000061035156,113.69999694824219,434400
2021-08-18,93.36721801757812,111.26000213623047,113.80000305175781,111.0,112.4000015258789,474200
2021-08-19,92.09165954589844,109.73999786376953,110.81999969482422,108.4800033569336,109.5,752600
2021-08-20,92.22591400146484,109.9000015258789,110.5999984741211,109.16999816894531,109.3499984741211,519000
2021-08-23,93.80355834960938,111.77999877929688,112.4000015258789,110.81999969482422,110.91000366210938,664800
2021-08-24,94.85256958007812,113.02999877929688,113.80999755859375,112.19999694824219,112.2300033569336,597600
2021-08-25,95.54066467285156,113.8499984741211,114.44000244140625,112.26000213623047,112.97000122070312,609600
2021-08-26,94.41616821289062,112.51000213623047,114.25,112.25,114.06999969482422,441100
2021-08-27,96.73230743408203,115.2699966430664,115.75,113.29000091552734,113.29000091552734,453600
2021-08-30,95.31410217285156,113.58000183105469,116.0,113.44000244140625,115.66000366210938,942900
2021-08-31,94.96162414550781,113.16000366210938,113.75,112.58999633789062,113.31999969482422,948400
2021-09-01,94.6259765625,112.76000213623047,113.75,111.55999755859375,113.47000122070312,709000
2021-09-02,95.06233978271484,113.27999877929688,114.5999984741211,112.66999816894531,113.11000061035156,748100
2021-09-03,94.45813751220703,112.55999755859375,113.76000213623047,112.13999938964844,113.4000015258789,557200
2021-09-07,93.96302032470703,111.97000122070312,112.72000122070312,111.44999694824219,112.12000274658203,493700
2021-09-08,91.71401977539062,109.29000091552734,112.08000183105469,109.08999633789062,111.77999877929688,1022100
2021-09-09,91.7811508178711,109.37000274658203,110.95999908447266,107.83999633789062,108.26000213623047,901500
2021-09-10,91.86507415771484,109.47000122070312,111.33000183105469,109.4000015258789,110.1500015258789,619800
2021-09-13,92.47765350341797,110.19999694824219,111.22000122070312,108.87999725341797,110.55999755859375,787300
2021-09-14,88.24688720703125,104.5,109.98999786376953,104.45999908447266,109.98999786376953,1400500
2021-09-15,89.52202606201172,106.01000213623047,106.02999877929688,104.20999908447266,104.37000274658203,1233000
2021-09-16,88.63533782958984,104.95999908447266,106.66000366210938,104.91000366210938,106.27999877929688,631800
2021-09-17,87.05618286132812,103.08999633789062,104.66000366210938,101.93000030517578,103.79000091552734,1929800
2021-09-20,84.15121459960938,99.6500015258789,101.26000213623047,98.23999786376953,100.41000366210938,1138900
2021-09-21,83.75431823730469,99.18000030517578,100.75,98.4000015258789,100.44999694824219,914800
2021-09-22,84.59033203125,100.16999816894531,102.41000366210938,100.08999633789062,100.5,852800
2021-09-23,85.98370361328125,101.81999969482422,103.45999908447266,100.79000091552734,100.79000091552734,705100
2021-09-24,86.30461883544922,102.19999694824219,102.66999816894531,101.26000213623047,101.43000030517578,517300
2021-09-27,89.09134674072266,105.5,106.11000061035156,102.83999633789062,102.83999633789062,821300
2021-09-28,88.31444549560547,104.58000183105469,106.45999908447266,104.4000015258789,105.87000274658203,721600
2021-09-29,87.82465362548828,104.0,104.94999694824219,103.33999633789062,104.5999984741211,1102100
2021-09-30,85.0716781616211,100.73999786376953,104.5,100.69000244140625,104.29000091552734,1106400
2021-10-01,86.55796813964844,102.5,103.31999969482422,101.23999786376953,101.7699966430664,1235200
2021-10-04,86.22859954833984,102.11000061035156,104.08999633789062,100.94000244140625,103.05999755859375,1531100
2021-10-05,88.34822845458984,104.62000274658203,105.11000061035156,101.75,102.45999908447266,1225900
2021-10-06,87.08152770996094,103.12000274658203,103.97000122070312,101.30999755859375,103.18000030517578,1162800
2021-10-07,88.66067504882812,104.98999786376953,106.22000122070312,103.77999877929688,104.37999725341797,722100
2021-10-08,88.85491180419922,105.22000122070312,105.5,104.30000305175781,104.93000030517578,912600
2021-10-11,88.38200378417969,104.66000366210938,106.1500015258789,104.61000061035156,105.27999877929688,495900
2021-10-12,87.95132446289062,104.1500015258789,104.58000183105469,103.33999633789062,104.08999633789062,909800
2021-10-13,87.67263793945312,103.81999969482422,104.5,102.56999969482422,104.13999938964844,988500
2021-10-14,90.61141204833984,107.30000305175781,107.5,103.9800033569336,104.41999816894531,1262400
2021-10-15,90.67050170898438,107.37000274658203,108.63999938964844,107.27999877929688,108.56999969482422,829600
2021-10-18,90.3411636352539,106.9800033569336,107.69999694824219,106.0199966430664,106.69999694824219,548400
2021-10-19,90.56073760986328,107.23999786376953,107.80000305175781,106.20999908447266,107.6500015258789,801700
2021-10-20,91.41364288330078,108.25,108.55999755859375,107.05000305175781,107.13999938964844,408400
2021-10-21,90.7211685180664,107.43000030517578,108.04000091552734,106.19000244140625,107.73999786376953,665500
2021-10-22,90.83939361572266,107.56999969482422,108.7699966430664,106.88999938964844,107.97000122070312,1060900
2021-10-25,91.86963653564453,108.79000091552734,109.26000213623047,107.29000091552734,108.44000244140625,791800
2021-10-26,91.75142669677734,108.6500015258789,109.52999877929688,107.94999694824219,109.0999984741211,709300
2021-10-27,89.13357543945312,105.55000305175781,108.55999755859375,105.51000213623047,108.30000305175781,1085300
2021-10-28,92.92525482177734,110.04000091552734,110.26000213623047,107.0,107.0,1046900
2021-10-29,87.84998321533203,104.02999877929688,110.19999694824219,103.4000015258789,110.18000030517578,1655400
2021-11-01,89.0660171508789,105.47000122070312,106.19000244140625,101.43000030517578,101.98999786376953,1325300
2021-11-02,92.30033111572266,109.30000305175781,110.19999694824219,105.94999694824219,106.0,1352300
2021-11-03,92.5114517211914,109.55000305175781,110.19999694824219,108.93000030517578,108.93000030517578,1193600
2021-11-04,91.23631286621094,108.04000091552734,109.95999908447266,107.79000091552734,109.79000091552734,951200
2021-11-05,94.43683624267578,111.83000183105469,111.86000061035156,108.8499984741211,108.8499984741211,949600
2021-11-08,93.83727264404297,111.12000274658203,113.9800033569336,110.88999938964844,112.97000122070312,749200
2021-11-09,94.86750793457031,112.33999633789062,112.55000305175781,110.80000305175781,110.80000305175781,762300
2021-11-10,94.61417388916016,112.04000091552734,113.04000091552734,111.37999725341797,112.33999633789062,836600
2021-11-11,97.27426147460938,115.19000244140625,115.33000183105469,112.38999938964844,112.41999816894531,777800
2021-11-12,97.84003448486328,115.86000061035156,116.55000305175781,114.4800033569336,114.9800033569336,884600
2021-11-15,97.20669555664062,115.11000061035156,116.3499984741211,114.77999877929688,116.22000122070312,816700
2021-11-16,96.8351058959961,114.66999816894531,115.86000061035156,114.62000274658203,115.12999725341797,777600
2021-11-17,96.15110778808594,113.86000061035156,115.36000061035156,113.72000122070312,114.4000015258789,643600
2021-11-18,96.0244369506836,113.70999908447266,114.12000274658203,112.45999908447266,113.75,537500
2021-11-19,95.5768814086914,113.18000030517578,114.01000213623047,111.86000061035156,112.68000030517578,731200
2021-11-22,97.02090454101562,114.88999938964844,116.27999877929688,113.19000244140625,113.31999969482422,760500
2021-11-23,98.54094696044922,116.69000244140625,117.19000244140625,115.30999755859375,115.41000366210938,991200
2021-11-24,95.4586410522461,113.04000091552734,116.6500015258789,112.91999816894531,116.16999816894531,621000
2021-11-26,93.31369018554688,110.5,110.76000213623047,107.3499984741211,108.86000061035156,438000
2021-11-29,93.04345703125,110.18000030517578,112.27999877929688,108.48999786376953,111.87999725341797,600100
2021-11-30,88.06954193115234,104.29000091552734,109.4800033569336,104.16999816894531,108.62999725341797,1726900
2021-12-01,86.72684478759766,102.69999694824219,107.91999816894531,102.62000274658203,106.9000015258789,1001100
2021-12-02,88.81267547607422,105.16999816894531,106.19999694824219,102.61000061035156,103.36000061035156,985900
2021-12-03,90.99986267089844,107.76000213623047,108.56999969482422,105.75,105.97000122070312,1425600
2021-12-06,92.33409881591797,109.33999633789062,111.0,108.6500015258789,109.56999969482422,1169700
2021-12-07,95.90620422363281,113.56999969482422,115.0999984741211,111.0,111.36000061035156,1506500
2021-12-08,98.802734375,117.0,119.26000213623047,114.91000366210938,114.93000030517578,1735200
2021-12-09,98.16938018798828,116.25,117.38999938964844,115.13999938964844,115.52999877929688,1260500
2021-12-10,99.05606842041016,117.30000305175781,118.22000122070312,116.73999786376953,117.94999694824219,851600
2021-12-13,96.94490051269531,114.80000305175781,116.98999786376953,114.06999969482422,116.5999984741211,930500
2021-12-14,98.50059509277344,115.87000274658203,116.05000305175781,112.69999694824219,113.83999633789062,1952400
2021-12-15,100.24327087402344,117.91999816894531,117.98999786376953,113.04000091552734,115.52999877929688,3063500
2021-12-16,102.09648895263672,120.0999984741211,121.05000305175781,118.55999755859375,119.0,2077700
2021-12-17,100.88934326171875,118.68000030517578,121.19999694824219,118.27999877929688,119.7699966430664,2120500
2021-12-20,98.40705871582031,115.76000213623047,116.81999969482422,114.33999633789062,116.76000213623047,1236700
2021-12-21,97.99051666259766,115.2699966430664,117.3499984741211,114.9000015258789,116.87999725341797,1367700
2021-12-22,98.74710083007812,116.16000366210938,116.36000061035156,113.87999725341797,114.95999908447266,1231600
2021-12-23,99.792724609375,117.38999938964844,118.44000244140625,116.69000244140625,116.9000015258789,708100
2021-12-27,101.15287780761719,118.98999786376953,119.01000213623047,117.05999755859375,117.72000122070312,393200
2021-12-28,101.84146881103516,119.80000305175781,120.54000091552734,118.54000091552734,118.54000091552734,539200
2021-12-29,102.2409896850586,120.2699966430664,120.93000030517578,119.69999694824219,119.69999694824219,516200
2021-12-30,101.7564468383789,119.69999694824219,121.44000244140625,119.5999984741211,120.5199966430664,458500
2021-12-31,102.78507232666016,120.91000366210938,121.38999938964844,119.36000061035156,119.36000061035156,616100
2022-01-03,101.69692993164062,119.62999725341797,122.4800033569336,119.37999725341797,121.5,1009700
2022-01-04,103.84768676757812,122.16000366210938,122.94000244140625,119.87000274658203,120.7300033569336,1943900
2022-01-05,103.83069610595703,122.13999938964844,124.83000183105469,121.80999755859375,123.05000305175781,1266900
2022-01-06,103.83917999267578,122.1500015258789,123.63999938964844,121.19000244140625,123.02999877929688,1034600
2022-01-07,104.06021118164062,122.41000366210938,123.19000244140625,121.83999633789062,122.33999633789062,970500
2022-01-10,101.70543670654297,119.63999938964844,122.58000183105469,118.94999694824219,122.02999877929688,1349300
2022-01-11,103.20160675048828,121.4000015258789,121.41999816894531,119.22000122070312,120.5999984741211,1136600
2022-01-12,104.46826171875,122.88999938964844,123.20999908447266,121.79000091552734,122.54000091552734,1993300
2022-01-13,107.51158142089844,126.47000122070312,128.0,123.52999877929688,123.80000305175781,1782200
2022-01-14,108.42121124267578,127.54000091552734,127.98999786376953,124.16999816894531,124.87999725341797,1684300
2022-01-18,108.54871368408203,127.69000244140625,128.11000061035156,126.05999755859375,127.13999938964844,1872400
2022-01-19,108.39569091796875,127.51000213623047,129.47999572753906,126.77999877929688,128.3300018310547,1921800
2022-01-20,103.8561782836914,122.16999816894531,128.13999938964844,122.11000061035156,127.19000244140625,1875200
2022-01-21,102.0879898071289,120.08999633789062,123.22000122070312,119.81999969482422,122.2300033569336,1074600
2022-01-24,101.36540985107422,119.23999786376953,119.88999938964844,115.75,117.12999725341797,1667200
2022-01-25,100.9913558959961,118.80000305175781,119.86000061035156,115.0,117.63999938964844,1229500
2022-01-26,101.2548828125,119.11000061035156,121.54000091552734,118.11000061035156,120.16999816894531,1648900
2022-01-27,100.77033233642578,118.54000091552734,122.5,117.79000091552734,121.0,1582300
2022-01-28,100.46428680419922,118.18000030517578,120.80000305175781,114.83000183105469,118.0,2129200
2022-01-31,101.10187530517578,118.93000030517578,119.08999633789062,115.47000122070312,117.37999725341797,1330600
2022-02-01,101.86697387695312,119.83000183105469,120.41999816894531,117.91000366210938,119.33999633789062,1342000
2022-02-02,102.93806457519531,121.08999633789062,121.44000244140625,119.27999877929688,119.87999725341797,876100
2022-02-03,102.95506286621094,121.11000061035156,122.80999755859375,120.13999938964844,120.80999755859375,711300
2022-02-04,101.3484115600586,119.22000122070312,122.0199966430664,118.93000030517578,120.0,1097000
2022-02-07,100.67681884765625,118.43000030517578,120.33999633789062,118.13999938964844,119.91000366210938,1241800
2022-02-08,103.3121337890625,121.52999877929688,121.66999816894531,118.95999908447266,119.05999755859375,592100
2022-02-09,104.34922790527344,122.75,123.76000213623047,122.16000366210938,122.38999938964844,565400
2022-02-10,104.230224609375,122.61000061035156,124.45999908447266,122.0999984741211,122.0999984741211,743600
2022-02-11,103.65215301513672,121.93000030517578,124.44000244140625,121.2300033569336,121.9000015258789,882500
2022-02-14,102.5980453491211,120.69000244140625,122.62999725341797,120.16000366210938,121.87999725341797,774600
2022-02-15,105.11431884765625,123.6500015258789,123.88999938964844,120.7699966430664,121.25,844300
2022-02-16,105.64138793945312,124.2699966430664,124.8499984741211,123.0999984741211,123.22000122070312,890700
2022-02-17,103.55866241455078,121.81999969482422,123.36000061035156,121.23999786376953,123.0999984741211,751400
2022-02-18,103.099609375,121.27999877929688,123.5999984741211,120.9800033569336,121.36000061035156,908000
2022-02-22,102.94657897949219,121.0999984741211,122.75,119.9000015258789,121.62000274658203,830100
2022-02-23,101.18687438964844,119.02999877929688,122.30999755859375,118.72000122070312,122.30999755859375,879600
2022-02-24,100.11576080322266,117.7699966430664,118.36000061035156,114.94000244140625,116.5199966430664,1326200
2022-02-25,102.69154357910156,120.80000305175781,121.3499984741211,118.38999938964844,118.55000305175781,878000
2022-02-28,100.71082305908203,118.47000122070312,119.44999694824219,117.2300033569336,118.16999816894531,1305400
2022-03-01,97.42096710205078,114.5999984741211,118.73999786376953,113.63999938964844,118.26000213623047,1684500
2022-03-02,99.6737060546875,117.25,118.20999908447266,114.80999755859375,116.01000213623047,984500
2022-03-03,99.90325164794922,117.5199966430664,119.41999816894531,116.26000213623047,117.91999816894531,1052100
2022-03-04,97.64198303222656,114.86000061035156,115.80000305175781,113.81999969482422,114.97000122070312,1028800
2022-03-07,89.48957061767578,105.2699966430664,114.5199966430664,105.25,114.38999938964844,2009100
2022-03-08,89.29405212402344,105.04000091552734,108.12999725341797,104.11000061035156,105.97000122070312,1985000
2022-03-09,92.41390991210938,108.70999908447266,109.62999725341797,107.3499984741211,107.80999755859375,2445400
2022-03-10,90.8667221069336,106.88999938964844,107.88999938964844,105.76000213623047,107.58000183105469,1750700
2022-03-11,89.6170654296875,105.41999816894531,107.66000366210938,105.38999938964844,107.44000244140625,1610800
2022-03-14,90.83299255371094,106.08000183105469,107.20999908447266,104.37000274658203,105.83999633789062,1504800
2022-03-15,90.76446533203125,106.0,107.19999694824219,104.54000091552734,106.70999908447266,1208900
2022-03-16,91.70637512207031,107.0999984741211,108.93000030517578,105.69999694824219,107.79000091552734,1572800
2022-03-17,91.86907196044922,107.29000091552734,108.05000305175781,105.52999877929688,105.98999786376953,2012500
2022-03-18,92.39140319824219,107.9000015258789,107.97000122070312,105.02999877929688,107.04000091552734,2921300
2022-03-21,93.94122314453125,109.70999908447266,110.3499984741211,108.2300033569336,108.62000274658203,1228000
2022-03-22,94.58343505859375,110.45999908447266,111.81999969482422,110.0,110.9800033569336,1408900
2022-03-23,93.64154052734375,109.36000061035156,110.98999786376953,109.30999755859375,109.91999816894531,1294400
2022-03-24,94.73757934570312,110.63999938964844,110.9000015258789,109.38999938964844,110.08999633789062,985400
2022-03-25,94.78038024902344,110.69000244140625,110.75,109.12999725341797,110.36000061035156,877800
2022-03-28,94.42930603027344,110.27999877929688,110.31999969482422,108.63999938964844,110.05000305175781,737000
2022-03-29,97.32350158691406,113.66000366210938,113.66999816894531,111.31999969482422,111.51000213623047,1202400
2022-03-30,97.87150573730469,114.30000305175781,114.97000122070312,113.05999755859375,113.4000015258789,1365500
2022-03-31,95.95347595214844,112.05999755859375,114.77999877929688,112.02999877929688,113.83999633789062,945600
2022-04-01,95.37120819091797,111.37999725341797,113.63999938964844,109.68000030517578,112.80000305175781,1240100
2022-04-04,95.56815338134766,111.61000061035156,112.27999877929688,110.33000183105469,111.01000213623047,845300
2022-04-05,94.17242431640625,109.9800033569336,112.01000213623047,109.97000122070312,111.04000091552734,1526000
2022-04-06,92.70820617675781,108.2699966430664,109.9000015258789,108.08999633789062,109.5,1205400
2022-04-07,91.58650207519531,106.95999908447266,108.72000122070312,105.13999938964844,108.1500015258789,1360900
2022-04-08,92.63971710205078,108.19000244140625,109.62000274658203,107.08000183105469,107.52999877929688,1011300
2022-04-11,92.05744934082031,107.51000213623047,110.31999969482422,107.16000366210938,107.4000015258789,810600
2022-04-12,92.04031372070312,107.48999786376953,109.87000274658203,107.19000244140625,107.95999908447266,1140200
2022-04-13,92.81095886230469,108.38999938964844,108.69999694824219,106.87999725341797,106.94000244140625,880700
2022-04-14,92.39995574951172,107.91000366210938,109.95999908447266,107.8499984741211,108.80000305175781,896700
2022-04-18,93.17915344238281,108.81999969482422,109.7699966430664,107.80999755859375,107.95999908447266,910400
2022-04-19,93.82135772705078,109.56999969482422,110.5999984741211,106.23999786376953,106.62000274658203,1246200
2022-04-20,95.04582214355469,111.0,112.41000366210938,109.8499984741211,110.19999694824219,1253600
2022-04-21,94.58343505859375,110.45999908447266,113.33999633789062,110.36000061035156,112.4000015258789,1008500
2022-04-22,91.12409973144531,106.41999816894531,109.98999786376953,106.20999908447266,109.16999816894531,1014000
2022-04-25,90.64459991455078,105.86000061035156,106.33000183105469,103.05000305175781,105.41999816894531,1042300
2022-04-26,89.0176773071289,103.95999908447266,106.83000183105469,103.93000030517578,105.55000305175781,890400
2022-04-27,90.01951599121094,105.12999725341797,106.05999755859375,104.05000305175781,105.04000091552734,665800
2022-04-28,91.95468139648438,107.38999938964844,107.47000122070312,103.91999816894531,106.12000274658203,1423600
2022-04-29,87.91310119628906,102.66999816894531,108.48999786376953,102.47000122070312,107.01000213623047,1773600
2022-05-02,87.21953582763672,101.86000061035156,104.61000061035156,99.66000366210938,103.68000030517578,1202400
2022-05-03,89.86539459228516,104.94999694824219,105.55000305175781,102.01000213623047,102.26000213623047,1058500
2022-05-04,92.51982879638672,108.05000305175781,108.33999633789062,104.0,104.94999694824219,943800
2022-05-05,90.4819107055664,105.66999816894531,107.9800033569336,104.31999969482422,106.66999816894531,881800
2022-05-06,90.6702880859375,105.88999938964844,106.5999984741211,104.12000274658203,105.62000274658203,1309600
2022-05-09,88.5552978515625,103.41999816894531,105.5199966430664,103.01000213623047,104.01000213623047,1060200
2022-05-10,87.45928955078125,102.13999938964844,105.02999877929688,100.19000244140625,104.76000213623047,923200
2022-05-11,87.21953582763672,101.86000061035156,104.63999938964844,101.7300033569336,102.77999877929688,827000
2022-05-12,86.50881958007812,101.02999877929688,102.41000366210938,99.13999938964844,101.38999938964844,938500
2022-05-13,88.23848724365234,103.05000305175781,104.12000274658203,101.61000061035156,101.73999786376953,731800
2022-05-16,88.49535369873047,103.3499984741211,104.16999816894531,101.44000244140625,102.80000305175781,791000
2022-05-17,91.53512573242188,106.9000015258789,107.73999786376953,104.55999755859375,105.47000122070312,999000
2022-05-18,89.24032592773438,104.22000122070312,106.76000213623047,103.63999938964844,106.19000244140625,1162000
2022-05-19,88.35836791992188,103.19000244140625,104.77999877929688,102.4800033569336,102.80000305175781,754200
2022-05-20,87.3051528930664,101.95999908447266,104.5999984741211,99.69999694824219,104.2300033569336,1044500
2022-05-23,88.42686462402344,103.2699966430664,103.7699966430664,102.0,103.29000091552734,786100
2022-05-24,88.76936340332031,103.66999816894531,103.83999633789062,100.61000061035156,103.0,799800
2022-05-25,89.6770248413086,104.7300033569336,105.51000213623047,103.26000213623047,103.44000244140625,642000
2022-05-26,92.45133209228516,107.97000122070312,108.47000122070312,105.58000183105469,105.62000274658203,690100
2022-05-27,93.87272644042969,109.62999725341797,109.83999633789062,108.36000061035156,108.4800033569336,816000
2022-05-31,94.3265609741211,110.16000366210938,111.11000061035156,108.51000213623047,109.30000305175781,1617200
2022-06-01,93.88129425048828,109.63999938964844,111.54000091552734,108.1500015258789,111.01000213623047,1133700
2022-06-02,95.39689636230469,111.41000366210938,111.55000305175781,109.47000122070312,110.08999633789062,769800
2022-06-03,94.37793731689453,110.22000122070312,111.11000061035156,109.4000015258789,110.4000015258789,655100
2022-06-06,95.37120819091797,111.37999725341797,112.77999877929688,109.94999694824219,110.58999633789062,752500
2022-06-07,96.15042114257812,112.29000091552734,112.5199966430664,110.05000305175781,110.55999755859375,664300
2022-06-08,93.55592346191406,109.26000213623047,111.97000122070312,108.86000061035156,111.12999725341797,888800
2022-06-09,92.91371154785156,108.51000213623047,111.18000030517578,108.37000274658203,109.01000213623047,1061200
2022-06-10,87.50210571289062,102.19000244140625,106.4000015258789,102.0999984741211,105.68000030517578,1338800
2022-06-13,83.74308776855469,97.80000305175781,100.37999725341797,97.2300033569336,99.5199966430664,1295400
2022-06-14,83.05269622802734,96.23999786376953,97.83999633789062,95.22000122070312,96.81999969482422,959600
2022-06-15,82.02576446533203,95.05000305175781,97.70999908447266,93.47000122070312,97.27999877929688,1235100
2022-06-16,75.4671401977539,87.44999694824219,91.94999694824219,86.91999816894531,91.83000183105469,2321800
2022-06-17,75.6570053100586,87.66999816894531,88.93000030517578,85.94000244140625,87.06999969482422,2209700
2022-06-21,77.92662048339844,90.30000305175781,90.52999877929688,87.93000030517578,89.93000030517578,1459300
2022-06-22,76.83927917480469,89.04000091552734,89.93000030517578,87.68000030517578,87.68000030517578,1487200
2022-06-23,74.56101989746094,86.4000015258789,89.80999755859375,86.08999633789062,88.56999969482422,1686900
2022-06-24,79.78201293945312,92.44999694824219,92.54000091552734,86.94999694824219,86.97000122070312,1789500
2022-06-27,79.69570922851562,92.3499984741211,93.05999755859375,91.70999908447266,92.86000061035156,1111100
2022-06-28,79.10027313232422,91.66000366210938,93.87000274658203,91.05000305175781,93.0199966430664,1805700
2022-06-29,78.71192932128906,91.20999908447266,92.05999755859375,89.22000122070312,91.72000122070312,1532800
2022-06-30,77.46924591064453,89.7699966430664,91.02999877929688,88.20999908447266,89.47000122070312,1180000
2022-07-01,76.76160430908203,88.94999694824219,90.3499984741211,86.18000030517578,88.95999908447266,1345700
2022-07-05,76.25245666503906,88.36000061035156,88.41999816894531,84.94999694824219,86.62999725341797,1240300
2022-07-06,76.5717544555664,88.7300033569336,89.33000183105469,86.83000183105469,88.30999755859375,873100
2022-07-07,78.3408432006836,90.77999877929688,91.56999969482422,89.18000030517578,90.12999725341797,763800
2022-07-08,77.83169555664062,90.19000244140625,91.58999633789062,89.29000091552734,91.37999725341797,748000
2022-07-11,77.38294219970703,89.66999816894531,90.43000030517578,88.54000091552734,89.33999633789062,665600
2022-07-12,78.28046417236328,90.70999908447266,92.05000305175781,88.91000366210938,89.0999984741211,595800
2022-07-13,76.44230651855469,88.58000183105469,89.37000274658203,87.55000305175781,88.95999908447266,730700
2022-07-14,74.68184661865234,86.54000091552734,87.0999984741211,85.19000244140625,86.41999816894531,758200
2022-07-15,76.51998901367188,88.66999816894531,88.94999694824219,87.0,88.29000091552734,810800
2022-07-18,76.79612731933594,88.98999786376953,90.69999694824219,88.43000030517578,90.0199966430664,732500
2022-07-19,79.54037475585938,92.16999816894531,92.63999938964844,90.22000122070312,90.30000305175781,798500
2022-07-20,79.70435333251953,92.36000061035156,93.02999877929688,90.83999633789062,91.80999755859375,717200
2022-07-21,80.36021423339844,93.12000274658203,93.2300033569336,90.97000122070312,91.62000274658203,729400
2022-07-22,80.31704711914062,93.06999969482422,94.44000244140625,92.54000091552734,94.06999969482422,575500
2022-07-25,81.30949401855469,94.22000122070312,94.4000015258789,92.7300033569336,93.88999938964844,873200
2022-07-26,80.10994720458984,92.83000183105469,94.88999938964844,92.62000274658203,93.55999755859375,908800
2022-07-27,81.9739761352539,94.98999786376953,95.33000183105469,92.37999725341797,92.88999938964844,905900
2022-07-28,82.12068939208984,95.16000366210938,96.37999725341797,94.43000030517578,95.80000305175781,1422000
2022-07-29,82.78516387939453,95.93000030517578,96.3499984741211,93.47000122070312,94.62000274658203,2307700
2022-08-01,81.17140197753906,94.05999755859375,94.73999786376953,92.33999633789062,94.30999755859375,998800
2022-08-02,80.44650268554688,93.22000122070312,95.08000183105469,93.12999725341797,93.37999725341797,927400
2022-08-03,80.5759506225586,93.37000274658203,94.11000061035156,92.58999633789062,93.9000015258789,1117300
2022-08-04,80.94703674316406,93.80000305175781,94.7300033569336,92.63999938964844,93.58999633789062,935500
2022-08-05,82.09479522705078,95.12999725341797,95.58999633789062,92.80999755859375,93.0,1051400
2022-08-08,82.74201965332031,95.87999725341797,97.44999694824219,95.8499984741211,96.30000305175781,1029100
2022-08-09,82.15519714355469,95.19999694824219,96.04000091552734,94.48999786376953,95.91000366210938,671900
2022-08-10,84.51112365722656,97.93000030517578,98.70999908447266,97.05999755859375,97.20999908447266,704000
2022-08-11,85.58982849121094,99.18000030517578,100.63999938964844,98.97000122070312,99.0,875000
2022-08-12,87.30717468261719,101.16999816894531,101.19000244140625,99.66999816894531,99.94999694824219,581600
2022-08-15,87.19497680664062,101.04000091552734,101.51000213623047,99.6500015258789,100.12000274658203,763900
2022-08-16,87.94576263427734,101.91000366210938,102.18000030517578,100.41999816894531,101.0,573700
2022-08-17,86.06449127197266,99.7300033569336,101.25,99.6500015258789,100.55999755859375,953500
2022-08-18,86.62541198730469,100.37999725341797,100.77999877929688,99.62000274658203,99.97000122070312,450900
2022-08-19,85.09795379638672,98.61000061035156,99.8499984741211,98.0,99.8499984741211,640900
2022-08-22,81.9480972290039,94.95999908447266,96.81999969482422,94.7699966430664,96.81999969482422,683700
2022-08-23,83.68266296386719,96.97000122070312,97.23999786376953,95.26000213623047,95.26000213623047,646000
2022-08-24,83.38063049316406,96.62000274658203,97.47000122070312,95.94999694824219,97.29000091552734,557400
2022-08-25,85.43450927734375,99.0,99.04000091552734,97.08999633789062,97.29000091552734,556400
2022-08-26,82.0171127319336,95.04000091552734,99.55999755859375,94.97000122070312,99.19000244140625,454600
2022-08-29,82.00849914550781,95.02999877929688,95.75,93.51000213623047,93.9800033569336,499400
2022-08-30,80.61048889160156,93.41000366210938,95.75,92.63999938964844,95.37000274658203,602400
2022-08-31,78.53070068359375,91.0,93.98999786376953,90.91999816894531,93.62999725341797,988500
2022-09-01,78.01293182373047,90.4000015258789,90.45999908447266,88.11000061035156,89.94999694824219,877700
2022-09-02,77.25350952148438,89.5199966430664,92.9000015258789,88.87999725341797,92.29000091552734,831200
2022-09-06,77.39158630371094,89.68000030517578,90.95999908447266,89.1500015258789,90.2300033569336,1086300
2022-09-07,78.9104232788086,91.44000244140625,91.58999633789062,89.0999984741211,89.45999908447266,941400
2022-09-08,79.26423645019531,91.8499984741211,92.05000305175781,89.01000213623047,90.5,1644000
2022-09-09,80.81759643554688,93.6500015258789,94.19999694824219,92.58999633789062,93.12000274658203,873300
2022-09-12,81.87042236328125,94.87000274658203,96.19000244140625,94.26000213623047,94.73999786376953,1011500
2022-09-13,72.58482360839844,84.11000061035156,91.47000122070312,84.02999877929688,90.0,2390900
2022-09-14,71.51368713378906,82.12000274658203,83.23999786376953,79.51000213623047,82.12000274658203,3840600
2022-09-15,70.79957580566406,81.30000305175781,83.30999755859375,81.0199966430664,81.83000183105469,1922500
2022-09-16,68.90984344482422,79.12999725341797,80.12000274658203,77.73999786376953,79.81999969482422,3819900
2022-09-19,69.4062271118164,79.69999694824219,80.30999755859375,78.01000213623047,78.23999786376953,1511900
2022-09-20,67.34233093261719,77.33000183105469,78.68000030517578,76.4800033569336,78.26000213623047,1366600
2022-09-21,65.84447479248047,75.61000061035156,78.5199966430664,75.55999755859375,78.23999786376953,1040500
2022-09-22,65.08684539794922,74.73999786376953,76.69000244140625,74.6500015258789,76.12999725341797,1187100
2022-09-23,63.301612854003906,72.69000244140625,73.19000244140625,70.63999938964844,73.19000244140625,1711200
2022-09-26,62.178218841552734,71.4000015258789,73.41000366210938,71.30999755859375,72.44000244140625,1106400
2022-09-27,61.70796203613281,70.86000061035156,72.58999633789062,70.62999725341797,72.37000274658203,1381400
2022-09-28,63.258060455322266,72.63999938964844,73.08999633789062,71.22000122070312,71.36000061035156,1874600
2022-09-29,61.6644287109375,70.80999755859375,71.88999938964844,69.91000366210938,71.6500015258789,1482600
2022-09-30,61.873435974121094,71.05000305175781,72.55000305175781,70.48999786376953,70.87999725341797,1175900
2022-10-03,64.85172271728516,74.47000122070312,75.11000061035156,72.0199966430664,72.4000015258789,1871000
2022-10-04,67.3858642578125,77.37999725341797,77.5199966430664,75.44000244140625,75.55999755859375,1115800
2022-10-05,66.689208984375,76.58000183105469,77.16000366210938,75.13999938964844,75.9000015258789,1046100
2022-10-06,65.16522216796875,74.83000183105469,76.7699966430664,74.4000015258789,75.58999633789062,897100
2022-10-07,63.04035568237305,72.38999938964844,74.3499984741211,71.81999969482422,73.94000244140625,960700
2022-10-10,62.5091552734375,71.77999877929688,73.04000091552734,71.26000213623047,72.88999938964844,891000
2022-10-11,62.84877014160156,72.16999816894531,73.23999786376953,70.69000244140625,71.01000213623047,1558100
2022-10-12,62.36981964111328,71.62000274658203,72.52999877929688,71.37999725341797,72.25,621700
2022-10-13,64.39017486572266,73.94000244140625,75.01000213623047,70.08999633789062,70.54000091552734,969800
2022-10-14,62.91844940185547,72.25,75.19000244140625,72.08000183105469,74.51000213623047,935400
2022-10-17,64.39017486572266,73.94000244140625,75.0999984741211,73.30000305175781,74.1500015258789,717400
2022-10-18,65.60064697265625,75.33000183105469,76.72000122070312,74.48999786376953,76.06999969482422,688900
2022-10-19,63.6934928894043,73.13999938964844,75.06999969482422,72.88999938964844,74.56999969482422,671100
2022-10-20,63.01422882080078,72.36000061035156,75.45999908447266,72.27999877929688,73.37999725341797,712000
2022-10-21,64.71239471435547,74.30999755859375,74.5199966430664,72.37000274658203,72.48999786376953,1140200
2022-10-24,64.42503356933594,73.9800033569336,75.04000091552734,73.48999786376953,74.95999908447266,708000
2022-10-25,65.70513916015625,75.44999694824219,75.66999816894531,72.58000183105469,73.5199966430664,1051100
2022-10-26,65.97511291503906,75.76000213623047,76.83000183105469,75.08000183105469,75.5999984741211,797800
2022-10-27,65.8009262084961,75.55999755859375,76.91999816894531,75.19999694824219,75.87999725341797,976400
2022-10-28,66.34956359863281,76.19000244140625,77.11000061035156,74.0,75.86000061035156,1881900
2022-10-31,66.88949584960938,76.80999755859375,78.37999725341797,75.77999877929688,75.77999877929688,1719500
2022-11-01,68.69213104248047,78.87999725341797,79.4800033569336,77.29000091552734,77.95999908447266,1746500
2022-11-02,66.16667938232422,75.9800033569336,79.66000366210938,75.95999908447266,78.54000091552734,1529700
2022-11-03,66.34956359863281,76.19000244140625,76.98999786376953,74.4800033569336,74.75,1017400
2022-11-04,69.88519287109375,80.25,80.76000213623047,77.9800033569336,78.04000091552734,1359000
2022-11-07,70.1812744140625,80.58999633789062,81.0,79.06999969482422,80.94000244140625,986800
2022-11-08,71.60945129394531,82.2300033569336,83.05999755859375,81.19000244140625,81.5,1327000
2022-11-09,68.9708023071289,79.19999694824219,81.73999786376953,79.13999938964844,81.30999755859375,851400
2022-11-10,74.1349105834961,85.12999725341797,85.16000366210938,82.08999633789062,82.97000122070312,1171500
2022-11-11,77.93177795410156,89.48999786376953,90.0,85.63999938964844,85.91000366210938,1464100
2022-11-14,76.25106048583984,87.55999755859375,89.58000183105469,87.52999877929688,88.37999725341797,1075100
2022-11-15,75.65017700195312,86.87000274658203,89.66000366210938,86.75,89.02999877929688,952600
2022-11-16,73.77786254882812,84.72000122070312,86.5,84.5,86.16999816894531,755000
2022-11-17,72.48900604248047,83.23999786376953,83.44000244140625,82.12999725341797,83.06999969482422,1115600
2022-11-18,73.36856079101562,84.25,84.6500015258789,83.0,84.47000122070312,756400
2022-11-21,73.71691131591797,84.6500015258789,85.12999725341797,82.41000366210938,83.36000061035156,717900
2022-11-22,75.65890502929688,86.87999725341797,86.95999908447266,85.13999938964844,85.54000091552734,569500
2022-11-23,75.65890502929688,86.87999725341797,87.43000030517578,85.8499984741211,86.62000274658203,530100
2022-11-25,75.7459716796875,86.9800033569336,87.1500015258789,86.26000213623047,86.66999816894531,259900
2022-11-28,73.56016540527344,84.47000122070312,86.0199966430664,83.9800033569336,85.87999725341797,848100
2022-11-29,74.23941040039062,85.25,86.19000244140625,84.5199966430664,84.98999786376953,924000
2022-11-30,75.43246459960938,86.62000274658203,86.62000274658203,83.2699966430664,85.33000183105469,1558400
2022-12-01,75.25831604003906,86.41999816894531,87.88999938964844,86.0,87.4000015258789,1027900
2022-12-02,76.2162094116211,87.5199966430664,88.0199966430664,85.01000213623047,85.23999786376953,942100
2022-12-05,74.96221923828125,86.08000183105469,87.08999633789062,85.44999694824219,86.54000091552734,736200
2022-12-06,74.11748504638672,85.11000061035156,86.55999755859375,84.04000091552734,86.20999908447266,903000
2022-12-07,73.80399322509766,84.75,85.68000030517578,84.31999969482422,84.70999908447266,1085500
2022-12-08,74.24812316894531,85.26000213623047,86.44999694824219,84.91999816894531,85.54000091552734,812200
2022-12-09,74.16973114013672,85.16999816894531,86.20999908447266,84.97000122070312,85.3499984741211,600800
2022-12-12,75.31056213378906,86.4800033569336,86.55999755859375,84.69000244140625,85.12999725341797,780700
2022-12-13,76.72132110595703,88.0999984741211,89.66999816894531,87.27999877929688,89.33000183105469,1027100
2022-12-14,75.86017608642578,86.33000183105469,88.05000305175781,85.94999694824219,86.44999694824219,1145800
2022-12-15,72.35404968261719,82.33999633789062,84.87000274658203,82.19999694824219,84.61000061035156,1077100
2022-12-16,72.34526824951172,82.33000183105469,82.76000213623047,80.87999725341797,81.2300033569336,2100600
2022-12-19,70.92173767089844,80.70999908447266,83.23999786376953,80.37999725341797,82.4000015258789,933500
2022-12-20,71.10626983642578,80.91999816894531,81.44000244140625,80.44000244140625,80.62999725341797,695300
2022-12-21,71.84440612792969,81.76000213623047,82.31999969482422,81.55000305175781,81.79000091552734,624700
2022-12-22,71.51927947998047,81.38999938964844,81.4000015258789,79.87000274658203,80.83999633789062,818200
2022-12-23,72.2134780883789,82.18000030517578,82.27999877929688,80.87999725341797,81.38999938964844,418500
2022-12-27,72.53860473632812,82.55000305175781,82.75,81.62999725341797,82.01000213623047,519200
2022-12-28,70.42967224121094,80.1500015258789,82.9800033569336,79.9000015258789,82.7699966430664,717100
2022-12-29,72.22225952148438,82.19000244140625,82.69999694824219,80.54000091552734,80.54000091552734,552200
2022-12-30,71.56321716308594,81.44000244140625,81.77999877929688,80.5199966430664,81.3499984741211,584300
2023-01-03,72.16952514648438,82.12999725341797,82.58999633789062,81.16999816894531,81.36000061035156,899800
2023-01-04,75.58776092529297,86.0199966430664,86.26000213623047,83.12000274658203,83.66999816894531,1157900
2023-01-05,75.29779052734375,85.69000244140625,85.79000091552734,84.01000213623047,85.0,1172600
2023-01-06,77.95153045654297,88.70999908447266,89.05999755859375,86.56999969482422,86.66000366210938,820500
2023-01-09,77.81970977783203,88.55999755859375,90.29000091552734,88.5,89.25,797300
2023-01-10,78.75994110107422,89.62999725341797,89.76000213623047,87.9000015258789,88.19999694824219,656900
2023-01-11,80.39437866210938,91.48999786376953,91.95999908447266,90.36000061035156,91.9000015258789,797100
2023-01-12,80.19226837158203,91.26000213623047,91.83999633789062,90.52999877929688,91.83999633789062,682300
2023-01-13,80.2977066040039,91.37999725341797,91.87000274658203,90.1500015258789,90.43000030517578,647000
2023-01-17,78.60179901123047,89.44999694824219,91.45999908447266,89.41999816894531,90.95999908447266,798400
2023-01-18,77.56488037109375,88.2699966430664,90.62000274658203,88.22000122070312,89.75,817200
2023-01-19,76.46647644042969,87.0199966430664,87.6500015258789,85.3499984741211,87.5,683400
2023-01-20,78.9269027709961,89.81999969482422,90.13999938964844,86.73999786376953,87.69000244140625,1464600
2023-01-23,79.84957122802734,90.87000274658203,91.6500015258789,89.58000183105469,89.83000183105469,1477400
2023-01-24,79.6211166381836,90.61000061035156,91.5199966430664,89.70999908447266,90.0999984741211,1317700
2023-01-25,79.78805541992188,90.80000305175781,91.06999969482422,88.81999969482422,89.19999694824219,1019200
2023-01-26,80.62284851074219,91.75,92.0999984741211,89.91999816894531,90.61000061035156,1489200
2023-01-27,76.2907485961914,86.81999969482422,90.83000183105469,85.83000183105469,88.0,2509300
2023-01-30,75.86895751953125,86.33999633789062,87.7699966430664,84.56999969482422,84.75,1359100
2023-01-31,77.47701263427734,88.16999816894531,88.44000244140625,86.0,86.76000213623047,3180300
2023-02-01,78.79510498046875,89.66999816894531,90.63999938964844,87.61000061035156,87.77999877929688,1120000
2023-02-02,80.3855972290039,91.4800033569336,92.20999908447266,89.55000305175781,90.1500015258789,1022100
2023-02-03,79.26082611083984,90.19999694824219,91.08999633789062,89.87000274658203,90.5999984741211,1221100
2023-02-06,79.07627868652344,89.98999786376953,90.31999969482422,88.31999969482422,89.19000244140625,1455400
2023-02-07,79.77049255371094,90.77999877929688,91.2699966430664,89.4000015258789,90.08000183105469,931300
2023-02-08,78.60179901123047,89.44999694824219,90.80999755859375,89.19999694824219,89.91000366210938,639500
2023-02-09,76.43133544921875,86.9800033569336,90.79000091552734,86.68000030517578,90.19999694824219,1002300
2023-02-10,76.36983489990234,86.91000366210938,87.08999633789062,85.88999938964844,86.5199966430664,671600
2023-02-13,77.77578735351562,88.51000213623047,88.63999938964844,86.61000061035156,86.94999694824219,656400
2023-02-14,77.64396667480469,88.36000061035156,88.81999969482422,86.69000244140625,88.0,651300
2023-02-15,78.28545379638672,89.08999633789062,89.11000061035156,87.11000061035156,87.33999633789062,522400
2023-02-16,76.36983489990234,86.91000366210938,88.25,86.7300033569336,87.30999755859375,745700
2023-02-17,76.49285125732422,87.05000305175781,87.19000244140625,85.5999984741211,86.62999725341797,809700
2023-02-21,72.46831512451172,82.47000122070312,86.5999984741211,81.95999908447266,86.5999984741211,1010500
2023-02-22,73.27672576904297,83.38999938964844,83.9000015258789,82.26000213623047,82.26000213623047,863600
2023-02-23,73.7336654663086,83.91000366210938,84.75,82.4800033569336,83.86000061035156,623900
2023-02-24,73.67212677001953,83.83999633789062,84.08999633789062,81.63999938964844,82.79000091552734,954600
2023-02-27,74.55964660644531,84.8499984741211,85.5,84.41000366210938,84.9000015258789,872800
2023-02-28,74.86719512939453,85.19999694824219,85.94999694824219,84.4800033569336,84.7300033569336,1046800
2023-03-01,75.89532470703125,86.37000274658203,87.06999969482422,84.97000122070312,84.97000122070312,878400
2023-03-02,76.36983489990234,86.91000366210938,87.13999938964844,85.44000244140625,85.91000366210938,595000
2023-03-03,76.67738342285156,87.26000213623047,87.55000305175781,86.12000274658203,87.55000305175781,937800
2023-03-06,73.83910369873047,84.02999877929688,87.16999816894531,83.9000015258789,87.08000183105469,1218200
2023-03-07,72.42436218261719,82.41999816894531,84.08999633789062,82.12999725341797,83.87999725341797,789400
2023-03-08,74.24332427978516,84.48999786376953,85.12999725341797,82.02999877929688,82.5,1231800
2023-03-09,72.58255004882812,82.5999984741211,85.62999725341797,82.26000213623047,84.69000244140625,853100
2023-03-10,70.95690155029297,80.75,82.58000183105469,80.11000061035156,82.4000015258789,883300
2023-03-13,70.02545928955078,79.69000244140625,80.87999725341797,78.5,79.0999984741211,1076500
2023-03-14,73.55777740478516,82.87999725341797,84.86000061035156,81.26000213623047,81.37000274658203,2237800
2023-03-15,71.15260314941406,80.16999816894531,81.43000030517578,78.05999755859375,80.37000274658203,1383500
2023-03-16,72.74127960205078,81.95999908447266,82.66999816894531,78.6500015258789,79.19000244140625,1984900
2023-03-17,70.30945587158203,79.22000122070312,81.86000061035156,78.70999908447266,81.86000061035156,2184500
2023-03-20,72.0046157836914,81.12999725341797,81.1500015258789,79.93000030517578,80.02999877929688,1642700
2023-03-21,72.41287231445312,81.58999633789062,83.0999984741211,81.2300033569336,82.5999984741211,885700
2023-03-22,70.57572174072266,79.5199966430664,82.30000305175781,79.47000122070312,81.31999969482422,808500
2023-03-23,69.87458038330078,78.7300033569336,80.62999725341797,77.80999755859375,79.44000244140625,906400
2023-03-24,70.62898254394531,79.58000183105469,79.87999725341797,76.91999816894531,77.6500015258789,582400
2023-03-27,71.56086730957031,80.62999725341797,81.37999725341797,80.2300033569336,80.8499984741211,699300
2023-03-28,72.54598999023438,81.73999786376953,81.83999633789062,80.55999755859375,80.62000274658203,571600
2023-03-29,73.29153442382812,82.58000183105469,83.4000015258789,81.94999694824219,83.11000061035156,600300
2023-03-30,73.52229309082031,82.83999633789062,84.19999694824219,82.58999633789062,83.7300033569336,535600
2023-03-31,74.85357666015625,84.33999633789062,84.44999694824219,83.01000213623047,83.11000061035156,712700
2023-04-03,74.91568756103516,84.41000366210938,86.33999633789062,84.02999877929688,84.91000366210938,1003400
2023-04-04,72.8655014038086,82.0999984741211,84.13999938964844,81.4000015258789,84.13999938964844,1086300
2023-04-05,72.68802642822266,81.9000015258789,82.01000213623047,80.83000183105469,81.02999877929688,964900
2023-04-06,71.82711029052734,80.93000030517578,81.52999877929688,80.27999877929688,81.52999877929688,948300
2023-04-10,72.71464538574219,81.93000030517578,82.0999984741211,80.69000244140625,80.9000015258789,1207300
2023-04-11,73.14065551757812,82.41000366210938,83.0999984741211,82.30000305175781,82.37999725341797,870500
2023-04-12,73.67316436767578,83.01000213623047,85.23999786376953,82.94000244140625,84.44999694824219,1163100
2023-04-13,74.00154876708984,83.37999725341797,83.81999969482422,81.87000274658203,82.7699966430664,1380200
2023-04-14,73.50453186035156,82.81999969482422,84.19000244140625,82.36000061035156,83.62999725341797,669000
2023-04-17,73.94830322265625,83.31999969482422,83.41999816894531,82.31999969482422,82.80000305175781,606200
2023-04-18,73.22053527832031,82.5,83.91999816894531,82.23999786376953,83.88999938964844,484400
2023-04-19,73.30928802490234,82.5999984741211,82.75,81.4800033569336,81.76000213623047,504000
2023-04-20,72.59038543701172,81.79000091552734,82.75,81.22000122070312,81.63999938964844,602600
2023-04-21,72.18212890625,81.33000183105469,82.13999938964844,80.08999633789062,81.56999969482422,855100
2023-04-24,72.97200775146484,82.22000122070312,82.36000061035156,81.27999877929688,81.70999908447266,761700
2023-04-25,70.87747192382812,79.86000061035156,81.88999938964844,79.8499984741211,81.04000091552734,1135500
2023-04-26,71.01947784423828,80.0199966430664,80.41999816894531,79.33000183105469,79.33999633789062,1706500
2023-04-27,71.49873352050781,80.55999755859375,80.9000015258789,78.80999755859375,80.44000244140625,1261600
2023-04-28,74.79144287109375,84.2699966430664,86.7699966430664,81.2699966430664,81.86000061035156,1776000
2023-05-01,73.22053527832031,82.5,85.26000213623047,82.37000274658203,85.16000366210938,1239500
2023-05-02,71.36559295654297,80.41000366210938,81.86000061035156,78.5,81.58000183105469,916200
2023-05-03,70.62898254394531,79.58000183105469,81.22000122070312,79.45999908447266,80.37999725341797,1266000
2023-05-04,69.97217559814453,78.83999633789062,79.4800033569336,77.69000244140625,78.9000015258789,715200
2023-05-05,71.84486389160156,80.94999694824219,81.31999969482422,80.27999877929688,80.41000366210938,758400
2023-05-08,71.66736602783203,80.75,81.94000244140625,80.05999755859375,81.62999725341797,522600
2023-05-09,71.11710357666016,80.12999725341797,80.33999633789062,79.3499984741211,79.75,619900
2023-05-10,70.42483520507812,79.3499984741211,81.4800033569336,78.30000305175781,81.18000030517578,700600
2023-05-11,69.94556427001953,78.80999755859375,78.98999786376953,77.95999908447266,78.44000244140625,945900
2023-05-12,69.84795379638672,78.69999694824219,79.79000091552734,78.36000061035156,79.0999984741211,729900
2023-05-15,71.14373016357422,80.16000366210938,80.19000244140625,78.83000183105469,79.16000366210938,612700
2023-05-16,69.94556427001953,78.80999755859375,80.06999969482422,78.69999694824219,79.63999938964844,1153100
2023-05-17,71.88924407958984,81.0,81.12000274658203,79.18000030517578,79.37999725341797,751700
2023-05-18,74.00154876708984,83.37999725341797,83.54000091552734,80.45999908447266,80.94000244140625,1199200
2023-05-19,73.17615509033203,82.44999694824219,83.94000244140625,82.25,83.8499984741211,872700
2023-05-22,73.5311508178711,82.8499984741211,83.26000213623047,82.02999877929688,82.41000366210938,713800
2023-05-23,73.19390869140625,82.47000122070312,83.88999938964844,82.30000305175781,82.48999786376953,712400
2023-05-24,72.10224914550781,81.23999786376953,82.30999755859375,80.86000061035156,81.91000366210938,721100
2023-05-25,71.56973266601562,80.63999938964844,81.87999725341797,79.7699966430664,81.31999969482422,633900
2023-05-26,72.16437530517578,81.30999755859375,81.62000274658203,80.62999725341797,81.27999877929688,558200
2023-05-30,70.8597183227539,79.83999633789062,81.31999969482422,79.30000305175781,81.26000213623047,722700
2023-05-31,68.41902923583984,77.08999633789062,79.68000030517578,77.02999877929688,79.30000305175781,929900
2023-06-01,69.00479888916016,77.75,78.33000183105469,76.7300033569336,77.37999725341797,1082500
2023-06-02,73.28265380859375,82.56999969482422,82.80999755859375,78.93000030517578,79.66999816894531,1747500
2023-06-05,72.97200775146484,82.22000122070312,82.94999694824219,81.08000183105469,82.61000061035156,713800
2023-06-06,73.19390869140625,82.47000122070312,83.22000122070312,81.6500015258789,81.6500015258789,635800
2023-06-07,74.32992553710938,83.75,84.3499984741211,82.12000274658203,82.5,813300
2023-06-08,71.37448120117188,80.41999816894531,83.87999725341797,80.01000213623047,83.87999725341797,1555900
2023-06-09,71.427734375,80.4800033569336,80.6500015258789,78.75,79.87000274658203,1180700
2023-06-12,71.6318588256836,80.70999908447266,81.19000244140625,79.7300033569336,80.27999877929688,1111900
2023-06-13,73.16728973388672,82.44000244140625,82.87999725341797,81.20999908447266,81.37999725341797,735300
2023-06-14,73.45403289794922,81.97000122070312,83.31999969482422,81.08999633789062,82.7699966430664,767200
2023-06-15,74.37702178955078,83.0,83.54000091552734,80.9800033569336,81.69999694824219,758900
2023-06-16,74.08128356933594,82.66999816894531,83.16000366210938,81.69000244140625,83.1500015258789,1475600
2023-06-20,71.92168426513672,80.26000213623047,81.51000213623047,79.58000183105469,81.29000091552734,764300
2023-06-21,71.15998840332031,79.41000366210938,80.88999938964844,78.83000183105469,79.79000091552734,757600
2023-06-22,70.27284240722656,78.41999816894531,78.83000183105469,77.41999816894531,78.70999908447266,773300
2023-06-23,70.38934326171875,78.55000305175781,79.0,77.19000244140625,77.58999633789062,1490400
2023-06-26,72.30699920654297,80.69000244140625,80.87000274658203,78.44000244140625,78.61000061035156,875800
2023-06-27,73.22103118896484,81.70999908447266,82.3499984741211,80.01000213623047,80.48999786376953,712200
2023-06-28,73.91104125976562,82.4800033569336,82.52999877929688,81.0999984741211,81.44000244140625,708700
2023-06-29,74.29637145996094,82.91000366210938,83.83000183105469,82.02999877929688,82.02999877929688,527100
2023-06-30,75.02222442626953,83.72000122070312,84.0199966430664,82.56999969482422,83.5199966430664,757300
2023-07-03,76.85028076171875,85.76000213623047,86.04000091552734,83.2300033569336,83.4800033569336,637500
2023-07-05,74.19779968261719,82.80000305175781,84.68000030517578,82.80000305175781,84.41999816894531,1274100
2023-07-06,73.69596862792969,82.23999786376953,82.37000274658203,80.2300033569336,81.68000030517578,1005300
2023-07-07,76.13339233398438,84.95999908447266,85.58000183105469,82.43000030517578,82.4800033569336,1196800
2023-07-10,75.30001831054688,84.02999877929688,85.91000366210938,83.91999816894531,84.51000213623047,734400
2023-07-11,75.95417785644531,84.76000213623047,85.5199966430664,84.36000061035156,84.66000366210938,759600
2023-07-12,79.17120361328125,88.3499984741211,88.72000122070312,85.8499984741211,86.1500015258789,1324000
2023-07-13,79.19807434082031,88.37999725341797,88.48999786376953,87.05999755859375,88.23999786376953,983900
2023-07-14,77.8897705078125,86.91999816894531,88.1500015258789,86.05999755859375,88.1500015258789,559700
2023-07-17,77.52235412597656,86.51000213623047,86.6500015258789,85.31999969482422,86.19000244140625,595400
2023-07-18,78.84860229492188,87.98999786376953,88.36000061035156,86.4800033569336,86.4800033569336,617000
2023-07-19,79.17120361328125,88.3499984741211,89.19999694824219,87.62000274658203,87.69999694824219,719400
2023-07-20,78.48119354248047,87.58000183105469,88.81999969482422,87.33999633789062,88.81999969482422,651800
2023-07-21,78.16755676269531,87.2300033569336,87.6500015258789,86.41000366210938,87.6500015258789,700200
2023-07-24,77.51338958740234,86.5,87.68000030517578,86.12000274658203,87.16999816894531,680400
2023-07-25,79.38627624511719,88.58999633789062,88.87999725341797,86.95999908447266,87.13999938964844,705600
2023-07-26,78.87548065185547,88.0199966430664,88.95999908447266,86.62000274658203,88.20999908447266,716400
2023-07-27,78.50808715820312,87.61000061035156,88.77999877929688,87.19000244140625,88.41999816894531,1112500
2023-07-28,77.4327621459961,86.41000366210938,91.37999725341797,85.43000030517578,89.0,2051900
2023-07-31,76.68898010253906,85.58000183105469,86.91000366210938,84.55000305175781,86.55999755859375,2556300
2023-08-01,76.84130859375,85.75,85.95999908447266,84.19999694824219,84.30000305175781,1102200
2023-08-02,75.86456298828125,84.66000366210938,85.66000366210938,84.19000244140625,84.54000091552734,930900
2023-08-03,74.70857238769531,83.37000274658203,85.08999633789062,83.25,83.97000122070312,1217700
2023-08-04,75.65845489501953,84.43000030517578,85.98999786376953,83.05999755859375,83.55999755859375,931900
2023-08-07,76.0975570678711,84.91999816894531,85.29000091552734,84.38999938964844,84.9000015258789,608800
2023-08-08,75.41651153564453,84.16000366210938,84.29000091552734,82.58000183105469,83.29000091552734,594600
2023-08-09,75.60468292236328,84.37000274658203,85.19999694824219,83.58999633789062,84.4800033569336,680300
2023-08-10,76.76067352294922,85.66000366210938,85.83000183105469,84.76000213623047,84.76000213623047,772300
2023-08-11,75.61363983154297,84.37999725341797,85.93000030517578,84.23999786376953,85.33999633789062,765900
2023-08-14,75.42546081542969,84.16999816894531,84.2300033569336,83.30000305175781,83.80000305175781,670100
2023-08-15,73.50779724121094,82.02999877929688,84.13999938964844,81.9800033569336,83.11000061035156,811500
2023-08-16,72.84468841552734,81.29000091552734,82.44999694824219,81.20999908447266,81.81999969482422,733600
2023-08-17,74.53831481933594,83.18000030517578,83.44999694824219,81.37999725341797,81.5,869900
2023-08-18,74.94157409667969,83.62999725341797,84.01000213623047,82.44000244140625,82.54000091552734,856100
2023-08-21,74.7175521850586,83.37999725341797,84.19999694824219,83.01000213623047,83.72000122070312,655700
2023-08-22,73.55260467529297,82.08000183105469,83.76000213623047,81.62999725341797,83.76000213623047,692800
2023-08-23,73.53467559814453,82.05999755859375,82.2699966430664,81.0999984741211,82.18000030517578,644100
2023-08-24,73.34648895263672,81.8499984741211,82.83999633789062,81.62000274658203,81.7699966430664,955200
2023-08-25,73.4181900024414,81.93000030517578,82.48999786376953,81.2300033569336,82.20999908447266,1300200
2023-08-28,74.85195922851562,83.52999877929688,83.70999908447266,82.13999938964844,82.13999938964844,717900
2023-08-29,75.72118377685547,84.5,84.52999877929688,83.19999694824219,83.51000213623047,665100
2023-08-30,76.33950805664062,85.19000244140625,85.20999908447266,84.33999633789062,84.61000061035156,715100
2023-08-31,76.17820739746094,85.01000213623047,85.70999908447266,84.87999725341797,85.3499984741211,702100
2023-09-01,77.02950286865234,85.95999908447266,86.54000091552734,85.62000274658203,85.73999786376953,633100
2023-09-05,73.3554458618164,81.86000061035156,85.69999694824219,81.69000244140625,85.55000305175781,985200
2023-09-06,74.11715698242188,82.70999908447266,83.36000061035156,81.58000183105469,81.95999908447266,930600
2023-09-07,71.9306411743164,80.2699966430664,82.76000213623047,79.83000183105469,82.12999725341797,1364900
2023-09-08,71.26751708984375,79.52999877929688,80.77999877929688,79.18000030517578,80.33999633789062,1225500
2023-09-11,71.33024597167969,79.5999984741211,81.18000030517578,79.48999786376953,80.3499984741211,890100
2023-09-12,71.07933807373047,79.31999969482422,80.2300033569336,79.05000305175781,79.30000305175781,586300
2023-09-13,69.86958312988281,77.97000122070312,79.55000305175781,77.5,79.31999969482422,920300
2023-09-14,72.08753204345703,79.62999725341797,79.68000030517578,77.8499984741211,78.33000183105469,971300
2023-09-15,71.51720428466797,79.0,79.61000061035156,78.56999969482422,79.43000030517578,1164400
2023-09-18,71.01929473876953,78.44999694824219,79.2699966430664,78.05000305175781,79.11000061035156,441900
2023-09-19,71.25466918945312,78.70999908447266,78.88999938964844,77.55000305175781,78.41999816894531,1084000
2023-09-20,70.99214172363281,78.41999816894531,80.11000061035156,78.30999755859375,79.25,599200
2023-09-21,69.40789794921875,76.66999816894531,78.02999877929688,76.61000061035156,77.97000122070312,685100
2023-09-22,68.59314727783203,75.7699966430664,77.55000305175781,75.55999755859375,76.93000030517578,928400
2023-09-25,69.0548324584961,76.27999877929688,76.55999755859375,75.5,75.5,704000
2023-09-26,67.66975402832031,74.75,75.94000244140625,74.26000213623047,75.5,1104400
2023-09-27,67.57018280029297,74.63999938964844,75.44000244140625,74.44000244140625,75.4000015258789,755500
2023-09-28,69.60706329345703,76.88999938964844,77.4800033569336,74.54000091552734,74.75,967100
2023-09-29,69.45316314697266,76.72000122070312,77.6500015258789,76.16000366210938,77.4000015258789,664500
2023-10-02,68.33059692382812,75.4800033569336,76.83000183105469,74.79000091552734,76.33000183105469,992100
2023-10-03,68.06809997558594,75.19000244140625,76.48999786376953,74.55000305175781,74.55000305175781,814500
2023-10-04,68.62935638427734,75.80999755859375,76.20999908447266,74.66000366210938,76.16999816894531,1178400
2023-10-05,66.63774108886719,73.61000061035156,76.0199966430664,73.19999694824219,75.37000274658203,929800
2023-10-06,66.91837310791016,73.91999816894531,74.87999725341797,72.83000183105469,73.12999725341797,1022800
2023-10-09,65.82299041748047,72.70999908447266,73.93000030517578,72.20999908447266,73.36000061035156,732900
2023-10-10,67.14470672607422,74.16999816894531,74.69999694824219,73.16999816894531,73.30000305175781,800400
2023-10-11,67.19902038574219,74.2300033569336,74.63999938964844,73.18000030517578,73.83999633789062,829600
2023-10-12,66.20320129394531,73.12999725341797,74.69000244140625,72.4800033569336,74.37000274658203,757000
2023-10-13,65.76868438720703,72.6500015258789,73.94000244140625,72.30000305175781,73.69999694824219,551300
2023-10-16,66.44763946533203,73.4000015258789,73.94000244140625,73.01000213623047,73.6500015258789,471600
2023-10-17,67.38006591796875,74.43000030517578,74.5199966430664,72.56999969482422,72.56999969482422,741200
2023-10-18,65.80488586425781,72.69000244140625,73.3499984741211,72.31999969482422,73.06999969482422,625300
2023-10-19,64.75475311279297,71.52999877929688,73.45999908447266,71.41000366210938,72.29000091552734,621900
2023-10-20,64.53749084472656,71.29000091552734,72.29000091552734,71.25,71.69999694824219,877700
2023-10-23,63.1252555847168,69.7300033569336,71.16000366210938,69.58000183105469,70.56999969482422,890500
2023-10-24,63.985267639160156,70.68000030517578,71.02999877929688,69.9000015258789,70.26000213623047,703500
2023-10-25,62.49154281616211,69.02999877929688,70.19000244140625,68.88999938964844,70.19000244140625,504600
2023-10-26,63.460201263427734,70.0999984741211,70.91999816894531,69.25,69.45999908447266,1257900
2023-10-27,65.70529174804688,72.58000183105469,74.19999694824219,70.6500015258789,72.33999633789062,1562300
2023-10-30,68.06809997558594,75.19000244140625,75.58999633789062,73.18000030517578,73.5999984741211,1515000
2023-10-31,67.65166473388672,74.7300033569336,75.83999633789062,74.70999908447266,75.05999755859375,1217500
2023-11-01,67.41627502441406,74.47000122070312,75.06999969482422,72.87000274658203,74.48999786376953,1302300
2023-11-02,68.04997253417969,75.16999816894531,75.83999633789062,74.30999755859375,74.6500015258789,915400
2023-11-03,69.73380279541016,77.02999877929688,77.87999725341797,76.2300033569336,76.2300033569336,770000
2023-11-06,69.0457763671875,76.2699966430664,77.12999725341797,75.94999694824219,76.83000183105469,828600
2023-11-07,68.62030029296875,75.80000305175781,76.36000061035156,75.01000213623047,75.2300033569336,718700
2023-11-08,68.91903686523438,76.12999725341797,76.58999633789062,75.5,75.79000091552734,574200
2023-11-09,68.95524597167969,76.16999816894531,77.0999984741211,75.83000183105469,76.83999633789062,1085900
2023-11-10,69.82433319091797,77.12999725341797,77.5,75.97000122070312,76.2300033569336,669100
2023-11-13,69.56178283691406,76.83999633789062,77.66999816894531,76.27999877929688,76.55999755859375,761400
2023-11-14,72.2142562866211,79.7699966430664,80.25,78.44000244140625,78.44000244140625,778300
2023-11-15,73.43640899658203,81.12000274658203,82.11000061035156,79.5,79.69999694824219,860000
2023-11-16,74.05198669433594,81.80000305175781,81.88999938964844,80.13999938964844,80.83000183105469,1453100
2023-11-17,73.79850769042969,81.5199966430664,82.70999908447266,81.2300033569336,82.55999755859375,1383700
2023-11-20,74.169677734375,81.93000030517578,82.38999938964844,80.9000015258789,81.58999633789062,850800
2023-11-21,73.65367126464844,81.36000061035156,81.9000015258789,81.18000030517578,81.7300033569336,711800
2023-11-22,73.71703338623047,81.43000030517578,81.55999755859375,80.83999633789062,81.29000091552734,891400
2023-11-24,74.13346099853516,81.88999938964844,82.30999755859375,81.41000366210938,81.70999908447266,373700
2023-11-27,74.20588684082031,81.97000122070312,82.11000061035156,81.16999816894531,81.23999786376953,853500
2023-11-28,74.55895233154297,82.36000061035156,82.68000030517578,80.93000030517578,81.80999755859375,1035900
2023-11-29,75.31033325195312,83.19000244140625,83.87000274658203,82.66999816894531,82.81999969482422,772200
2023-11-30,75.88971710205078,83.83000183105469,83.93000030517578,82.75,83.0999984741211,1098300
2023-12-01,77.36531829833984,85.45999908447266,85.5999984741211,83.70999908447266,84.16999816894531,860600
2023-12-04,76.84025573730469,84.87999725341797,86.37000274658203,84.73999786376953,84.83000183105469,1043400
2023-12-05,75.65433502197266,83.56999969482422,84.2699966430664,82.94000244140625,84.16000366210938,873100
2023-12-06,75.69961547851562,83.62000274658203,85.37999725341797,83.44999694824219,84.38999938964844,1383200
2023-12-07,77.01226043701172,85.06999969482422,85.33999633789062,83.83999633789062,84.5199966430664,802400
2023-12-08,76.81307983398438,84.8499984741211,86.29000091552734,84.83000183105469,85.04000091552734,738300
2023-12-11,77.41962432861328,85.5199966430664,86.19999694824219,84.80000305175781,84.80000305175781,736700
2023-12-12,76.69540405273438,84.72000122070312,85.70999908447266,84.55999755859375,85.70999908447266,572400
2023-12-13,78.91333770751953,87.16999816894531,87.62000274658203,84.23999786376953,84.66000366210938,1431600
2023-12-14,81.18560791015625,89.68000030517578,90.87999725341797,88.30000305175781,88.30000305175781,1893100
2023-12-15,80.82019805908203,88.47000122070312,89.77999877929688,88.11000061035156,88.9000015258789,2076700
2023-12-18,80.23553466796875,87.83000183105469,89.0199966430664,87.61000061035156,89.0199966430664,869000
2023-12-19,81.13993835449219,88.81999969482422,88.9800033569336,87.9000015258789,88.47000122070312,1461800
2023-12-20,80.39083099365234,88.0,89.13999938964844,87.48999786376953,88.56999969482422,924700
2023-12-21,81.4231185913086,89.12999725341797,89.26000213623047,88.12000274658203,88.68000030517578,645600
2023-12-22,81.97124481201172,89.7300033569336,90.30999755859375,89.43000030517578,89.44000244140625,535900
2023-12-26,82.50109100341797,90.30999755859375,90.93000030517578,89.61000061035156,90.0199966430664,483600
2023-12-27,82.87564849853516,90.72000122070312,90.91999816894531,90.05000305175781,90.1500015258789,496100
2023-12-28,82.6472396850586,90.47000122070312,90.73999786376953,90.01000213623047,90.47000122070312,503000
2023-12-29,82.05345916748047,89.81999969482422,90.37000274658203,89.52999877929688,90.33999633789062,532100
2024-01-02,81.65150451660156,89.37999725341797,90.0999984741211,89.01000213623047,89.2300033569336,740700
2024-01-03,80.39997863769531,88.01000213623047,89.13999938964844,87.37999725341797,88.37000274658203,1055700
2024-01-04,80.67402648925781,88.30999755859375,88.56999969482422,87.87000274658203,88.11000061035156,764100
2024-01-05,81.47793579101562,89.19000244140625,89.76000213623047,87.88999938964844,87.97000122070312,1389400
2024-01-08,81.17647552490234,88.86000061035156,89.11000061035156,88.22000122070312,88.80000305175781,631300
2024-01-09,80.2081298828125,87.80000305175781,88.5,86.87000274658203,88.12000274658203,526600
2024-01-10,80.16243743896484,87.75,87.77999877929688,87.0,87.05999755859375,885700
2024-01-11,79.54124450683594,87.06999969482422,87.58999633789062,86.26000213623047,87.4800033569336,692900
2024-01-12,79.41336059570312,86.93000030517578,88.29000091552734,86.55000305175781,88.19999694824219,522200
2024-01-16,78.82869720458984,86.29000091552734,86.41000366210938,85.1500015258789,85.98999786376953,862300
2024-01-17,78.29884338378906,85.70999908447266,85.87000274658203,84.9000015258789,84.9000015258789,837200
2024-01-18,79.46817016601562,86.98999786376953,87.0199966430664,85.16999816894531,86.08000183105469,693800
2024-01-19,79.24891662597656,86.75,87.12000274658203,86.05000305175781,87.04000091552734,883300
2024-01-22,79.83358001708984,87.38999938964844,87.6500015258789,86.5999984741211,87.0199966430664,691300
2024-01-23,79.16670227050781,86.66000366210938,88.33000183105469,86.6500015258789,88.06999969482422,1407900
2024-01-24,76.55400848388672,83.80000305175781,86.18000030517578,83.7699966430664,85.66000366210938,1715100
2024-01-25,77.30309295654297,84.62000274658203,84.95999908447266,83.48999786376953,84.66000366210938,1606600
2024-01-26,77.57715606689453,84.91999816894531,85.6500015258789,84.66000366210938,85.4000015258789,918900
2024-01-29,76.76410675048828,84.02999877929688,85.08999633789062,82.88999938964844,84.66999816894531,2020900
2024-01-30,77.73245239257812,85.08999633789062,85.25,83.66999816894531,83.66999816894531,1224600
2024-01-31,76.32562255859375,83.55000305175781,85.47000122070312,83.20999908447266,85.36000061035156,2365400
2024-02-01,77.52234649658203,84.86000061035156,84.87999725341797,82.91999816894531,84.20999908447266,2145600
2024-02-02,75.457763671875,82.5999984741211,83.66999816894531,80.70999908447266,82.30999755859375,2836000
2024-02-05,75.39380645751953,82.52999877929688,83.12999725341797,80.88999938964844,80.88999938964844,1542800
2024-02-06,75.4668960571289,82.61000061035156,83.56999969482422,82.02999877929688,82.75,1490600
2024-02-07,75.79576110839844,82.97000122070312,83.27999877929688,82.38999938964844,83.0,1148600
2024-02-08,75.81404113769531,82.98999786376953,83.08999633789062,81.94999694824219,82.94000244140625,1059300
2024-02-09,75.22024536132812,82.33999633789062,82.87000274658203,81.9000015258789,82.87000274658203,784200
2024-02-12,76.57228088378906,83.81999969482422,84.36000061035156,82.44000244140625,82.47000122070312,823700
2024-02-13,75.01927185058594,82.12000274658203,82.44000244140625,81.0,82.05999755859375,884100
2024-02-14,75.01927185058594,82.12000274658203,83.0,81.76000213623047,82.68000030517578,846500
2024-02-15,77.87862396240234,85.25,85.44999694824219,83.37999725341797,83.37999725341797,854100
2024-02-16,77.82380676269531,85.19000244140625,86.6500015258789,85.04000091552734,85.12000274658203,840500
2024-02-20,77.2026138305664,84.51000213623047,84.93000030517578,83.72000122070312,84.5,823100
2024-02-21,78.29884338378906,85.70999908447266,85.86000061035156,83.83999633789062,84.37000274658203,701300
2024-02-22,78.93830871582031,86.41000366210938,86.63999938964844,85.56999969482422,85.62000274658203,668500
2024-02-23,79.12103271484375,86.61000061035156,87.22000122070312,86.44999694824219,86.6500015258789,521800
2024-02-26,79.05707550048828,86.54000091552734,87.05000305175781,85.7699966430664,86.22000122070312,761400
2024-02-27,78.70079040527344,86.1500015258789,87.38999938964844,85.93000030517578,87.0,551600
2024-02-28,79.01140594482422,86.48999786376953,86.80000305175781,85.27999877929688,85.66000366210938,605400
2024-02-29,80.1533203125,87.73999786376953,87.97000122070312,86.58999633789062,87.19000244140625,1131900
2024-03-01,79.55950927734375,87.08999633789062,88.06999969482422,86.91000366210938,87.73999786376953,727200
2024-03-04,80.58267974853516,88.20999908447266,88.91000366210938,86.83000183105469,86.83000183105469,989100
2024-03-05,79.75135803222656,87.30000305175781,88.38999938964844,86.91000366210938,87.4000015258789,912800
2024-03-06,79.55950927734375,87.08999633789062,88.52999877929688,86.69999694824219,88.2300033569336,1035000
2024-03-07,81.48707580566406,89.19999694824219,89.5,87.62000274658203,87.75,1574800
2024-03-08,82.05345916748047,89.81999969482422,89.93000030517578,88.94999694824219,89.7300033569336,953700
2024-03-11,83.74349975585938,91.66999816894531,92.36000061035156,89.7699966430664,89.93000030517578,1192200
2024-03-12,84.08149719238281,92.04000091552734,92.55999755859375,91.47000122070312,91.75,1064600
2024-03-13,84.97675323486328,93.0199966430664,93.23999786376953,92.0,92.3499984741211,1635600
2024-03-14,84.05521392822266,91.20999908447266,91.58000183105469,89.4000015258789,90.94999694824219,2428700
2024-03-15,85.0597152709961,92.30000305175781,92.94999694824219,90.83000183105469,91.0199966430664,1878800
2024-03-18,85.0597152709961,92.30000305175781,92.66999816894531,91.5999984741211,92.51000213623047,1682800
2024-03-19,85.76930236816406,93.06999969482422,93.45999908447266,92.26000213623047,92.44000244140625,1315300
2024-03-20,86.32225036621094,93.66999816894531,94.3499984741211,92.7300033569336,93.27999877929688,1487400
2024-03-21,87.98104095458984,95.47000122070312,98.0,93.87000274658203,93.91999816894531,1154700
2024-03-22,87.7967300415039,95.2699966430664,96.94999694824219,95.2699966430664,95.87000274658203,1119700
2024-03-25,91.4737548828125,99.26000213623047,99.52999877929688,95.69000244140625,95.7300033569336,2066300
2024-03-26,90.60748291015625,98.31999969482422,100.37000274658203,97.9800033569336,99.5,1782600
2024-03-27,91.76864624023438,99.58000183105469,99.86000061035156,98.54000091552734,99.19000244140625,889200
2024-03-28,92.35844421386719,100.22000122070312,100.61000061035156,99.20999908447266,99.97000122070312,1023100
2024-04-01,92.43216705322266,100.30000305175781,100.52999877929688,99.43000030517578,100.25,550400
2024-04-02,92.55197143554688,100.43000030517578,100.75,99.51000213623047,100.19000244140625,1097500
2024-04-03,94.0172348022461,102.0199966430664,102.16000366210938,100.33000183105469,100.77999877929688,969800
2024-04-04,91.8515853881836,99.66999816894531,102.70999908447266,99.29000091552734,102.70999908447266,782700
2024-04-05,91.99903106689453,99.83000183105469,100.16000366210938,98.80000305175781,99.61000061035156,614900
2024-04-08,92.64411926269531,100.52999877929688,100.9000015258789,99.95999908447266,100.23999786376953,799500
2024-04-09,93.95272827148438,101.94999694824219,102.36000061035156,100.44999694824219,101.5199966430664,813900
2024-04-10,92.75470733642578,100.6500015258789,101.2699966430664,99.41999816894531,101.06999969482422,968200
2024-04-11,92.17412567138672,100.0199966430664,101.36000061035156,99.30999755859375,100.86000061035156,770000
2024-04-12,90.29415130615234,97.9800033569336,99.75,97.11000061035156,99.30000305175781,842500
2024-04-15,89.68592071533203,97.31999969482422,99.30000305175781,96.44999694824219,98.91000366210938,1412900
2024-04-16,88.83808898925781,96.4000015258789,97.08000183105469,95.75,96.83000183105469,896300
2024-04-17,88.44181823730469,95.97000122070312,97.61000061035156,95.91999816894531,97.33000183105469,706100
2024-04-18,88.4878921508789,96.0199966430664,96.70999908447266,95.2699966430664,96.70999908447266,683900
2024-04-19,88.85652160644531,96.41999816894531,96.98999786376953,96.0,96.12000274658203,698200
2024-04-22,89.4463119506836,97.05999755859375,97.7699966430664,95.80999755859375,96.55000305175781,787300
2024-04-23,89.20671844482422,96.80000305175781,97.23999786376953,96.38999938964844,96.5,648300
2024-04-24,88.80122375488281,96.36000061035156,97.05000305175781,95.91999816894531,96.41999816894531,1071100
2024-04-25,88.58927154541016,96.12999725341797,96.25,94.8499984741211,96.04000091552734,1631700
2024-04-26,88.06398010253906,95.55999755859375,97.73999786376953,94.31999969482422,96.0,1337700
2024-04-29,89.70435333251953,97.33999633789062,99.25,96.5999984741211,97.69999694824219,1308300
2024-04-30,87.03184509277344,94.44000244140625,96.80999755859375,94.29000091552734,96.66000366210938,886400
2024-05-01,87.32672882080078,94.76000213623047,96.5,94.52999877929688,94.76000213623047,1003500
2024-05-02,88.39573669433594,95.91999816894531,96.25,94.1500015258789,95.4000015258789,682400
2024-05-03,89.85179901123047,97.5,98.6500015258789,96.62000274658203,96.62000274658203,859700
2024-05-06,91.00374603271484,98.75,98.76000213623047,97.80000305175781,98.0,618500
2024-05-07,92.73626708984375,100.62999725341797,101.19000244140625,99.36000061035156,99.36000061035156,1100800
2024-05-08,92.85608673095703,100.76000213623047,101.26000213623047,99.7699966430664,99.97000122070312,775400
2024-05-09,93.16020202636719,101.08999633789062,101.58000183105469,100.41999816894531,100.8499984741211,970400
2024-05-10,93.10489654541016,101.02999877929688,101.73999786376953,101.01000213623047,101.2699966430664,935700
2024-05-13,93.09568786621094,101.0199966430664,101.97000122070312,100.79000091552734,101.58999633789062,617800
2024-05-14,92.82843780517578,100.7300033569336,101.58999633789062,100.44000244140625,101.25,702600
2024-05-15,92.90215301513672,100.80999755859375,101.61000061035156,100.25,101.16999816894531,696200
2024-05-16,92.22020721435547,100.06999969482422,101.04000091552734,99.9800033569336,100.69999694824219,645200
2024-05-17,92.5058822631836,100.37999725341797,100.9800033569336,100.06999969482422,100.62999725341797,512500
2024-05-20,92.71784210205078,100.61000061035156,100.77999877929688,100.05999755859375,100.31999969482422,468800
2024-05-21,92.10961151123047,99.94999694824219,100.5,99.52999877929688,100.33999633789062,488900
2024-05-22,91.6211929321289,99.41999816894531,99.87999725341797,98.55000305175781,99.18000030517578,522700
2024-05-23,91.28022003173828,99.05000305175781,101.30999755859375,98.7300033569336,101.30999755859375,601700
2024-05-24,92.36766052246094,100.2300033569336,100.23999786376953,99.47000122070312,99.70999908447266,316300
2024-05-28,92.82843780517578,100.7300033569336,101.05999755859375,100.05999755859375,100.52999877929688,588000
2024-05-29,90.7272720336914,98.44999694824219,100.2300033569336,98.25,99.8499984741211,613800
2024-05-30,92.91138458251953,100.81999969482422,100.86000061035156,98.5199966430664,98.55999755859375,639000
2024-05-31,93.38137817382812,101.33000183105469,101.3499984741211,99.5199966430664,100.5999984741211,998100
2024-06-03,90.8563003540039,98.58999633789062,101.52999877929688,98.06999969482422,101.5,819100
2024-06-04,89.85179901123047,97.5,98.31999969482422,97.05999755859375,97.7699966430664,943900
2024-06-05,90.70885467529297,98.43000030517578,98.69000244140625,97.4000015258789,97.44999694824219,644800
2024-06-06,93.08647155761719,101.01000213623047,101.44000244140625,98.25,98.25,1499100
2024-06-07,95.19683837890625,103.30000305175781,103.66999816894531,100.33000183105469,100.33000183105469,1715200
2024-06-10,95.10466766357422,103.19999694824219,103.61000061035156,101.93000030517578,102.69000244140625,1382100
2024-06-11,95.38113403320312,103.5,103.66000366210938,102.20999908447266,102.75,1424200
2024-06-12,95.74054718017578,103.88999938964844,105.9800033569336,103.69000244140625,105.0,850400
2024-06-13,94.52410125732422,102.56999969482422,103.79000091552734,101.47000122070312,103.45999908447266,792900
2024-06-14,91.70413208007812,99.51000213623047,102.06999969482422,99.27999877929688,101.61000061035156,746400
2024-06-17,92.22444152832031,99.26000213623047,99.8499984741211,98.20999908447266,98.58999633789062,1034100
2024-06-18,91.98287200927734,99.0,99.91999816894531,98.6500015258789,99.29000091552734,580500
2024-06-20,91.12808227539062,98.08000183105469,99.12999725341797,98.0,98.30000305175781,719700
2024-06-21,91.62051391601562,98.61000061035156,98.72000122070312,97.02999877929688,97.80000305175781,1651600
2024-06-24,93.51591491699219,100.6500015258789,101.08999633789062,98.5199966430664,99.0,1003600
2024-06-25,91.00728607177734,97.94999694824219,100.6500015258789,97.9000015258789,100.16000366210938,902300
2024-06-26,91.23957061767578,98.19999694824219,98.51000213623047,96.25,97.25,720700
2024-06-27,90.2918701171875,97.18000030517578,98.58999633789062,96.7300033569336,98.19000244140625,809200
2024-06-28,91.02587890625,97.97000122070312,98.41999816894531,97.4000015258789,97.43000030517578,1137800
2024-07-01,88.4243392944336,95.16999816894531,98.26000213623047,94.87999725341797,98.19999694824219,919900
2024-07-02,88.59158325195312,95.3499984741211,95.68000030517578,94.33000183105469,95.37999725341797,704300
2024-07-03,89.07472229003906,95.87000274658203,96.5999984741211,95.36000061035156,95.80000305175781,381400
2024-07-05,87.80183410644531,94.5,95.23999786376953,93.44999694824219,95.13999938964844,1550600
2024-07-08,88.9632339477539,95.75,95.95999908447266,94.97000122070312,95.30000305175781,688600
2024-07-09,87.95049285888672,94.66000366210938,95.87000274658203,94.41000366210938,95.33999633789062,661600
2024-07-10,89.28841400146484,96.0999984741211,96.70999908447266,95.23999786376953,95.55999755859375,722700
2024-07-11,91.36035919189453,98.33000183105469,99.16999816894531,97.41999816894531,97.41999816894531,686900
2024-07-12,91.64838409423828,98.63999938964844,99.30999755859375,98.23999786376953,98.9000015258789,641300
2024-07-15,90.7192611694336,97.63999938964844,99.18000030517578,97.58000183105469,98.4800033569336,712400
2024-07-16,93.07923126220703,100.18000030517578,100.55000305175781,97.66999816894531,97.75,1008300
2024-07-17,93.3115005493164,100.43000030517578,101.80000305175781,99.5199966430664,99.9000015258789,484600
2024-07-18,92.41957092285156,99.47000122070312,101.36000061035156,99.0199966430664,99.66000366210938,517500
2024-07-19,90.26399993896484,97.1500015258789,99.2300033569336,96.62000274658203,99.0999984741211,494900
2024-07-22,90.41265869140625,97.30999755859375,98.05999755859375,95.95999908447266,97.73999786376953,756700
2024-07-23,90.53343963623047,97.44000244140625,97.77999877929688,96.5999984741211,97.77999877929688,649900
2024-07-24,89.548583984375,96.37999725341797,98.54000091552734,96.36000061035156,97.69000244140625,822800
2024-07-25,90.25469970703125,97.13999938964844,98.16999816894531,95.7699966430664,96.36000061035156,1136600
2024-07-26,93.59025573730469,100.7300033569336,100.77999877929688,95.4800033569336,98.19000244140625,1476000
2024-07-29,94.0733871459961,101.25,101.63999938964844,100.20999908447266,101.0199966430664,1020300
2024-07-30,95.95021057128906,103.2699966430664,103.87999725341797,101.2300033569336,101.2300033569336,996900
2024-07-31,96.00596618652344,103.33000183105469,104.83999633789062,103.01000213623047,104.0,1645700
2024-08-01,94.49149322509766,101.69999694824219,104.05000305175781,100.62999725341797,103.5,1114000
2024-08-02,90.57989501953125,97.48999786376953,100.4800033569336,96.43000030517578,100.0,1135900
2024-08-05,87.51380920410156,94.19000244140625,95.37000274658203,93.61000061035156,95.37000274658203,1331700
2024-08-06,88.67521667480469,95.44000244140625,97.3499984741211,94.4000015258789,94.51000213623047,1071400
2024-08-07,87.17003631591797,93.81999969482422,97.3499984741211,93.72000122070312,96.2300033569336,1318200
2024-08-08,88.69377899169922,95.45999908447266,95.52999877929688,94.48999786376953,94.61000061035156,679900
2024-08-09,88.32213592529297,95.05999755859375,95.9000015258789,94.5999984741211,95.55000305175781,705600
2024-08-12,87.86686706542969,94.56999969482422,95.55999755859375,94.08999633789062,95.02999877929688,971200
2024-08-13,88.85173797607422,95.62999725341797,96.08999633789062,94.36000061035156,95.12999725341797,774700
2024-08-14,88.83314514160156,95.61000061035156,96.30000305175781,95.1500015258789,95.91000366210938,820200
2024-08-15,91.4253921508789,98.4000015258789,98.83999633789062,96.93000030517578,96.95999908447266,656000
2024-08-16,90.82146453857422,97.75,98.20999908447266,96.80000305175781,98.1500015258789,652800
2024-08-19,90.6821060180664,97.5999984741211,98.08000183105469,97.16999816894531,97.87000274658203,570900
2024-08-20,90.42195892333984,97.31999969482422,97.88999938964844,96.95999908447266,97.41000366210938,492800
2024-08-21,92.01073455810547,99.02999877929688,99.36000061035156,97.9000015258789,98.0999984741211,645400
2024-08-22,91.73201751708984,98.7300033569336,99.7699966430664,98.38999938964844,99.05999755859375,370100
2024-08-23,93.65528106689453,100.80000305175781,101.56999969482422,98.9000015258789,99.31999969482422,407200
2024-08-26,93.86898803710938,101.02999877929688,102.4000015258789,100.93000030517578,101.4000015258789,413200
2024-08-27,93.48804473876953,100.62000274658203,100.97000122070312,100.06999969482422,100.83999633789062,410600
2024-08-28,92.96772766113281,100.05999755859375,100.83999633789062,99.52999877929688,100.20999908447266,749000
2024-08-29,93.84110260009766,101.0,101.86000061035156,99.52999877929688,100.5999984741211,496100
2024-08-30,95.11400604248047,102.37000274658203,102.55000305175781,100.81999969482422,101.2699966430664,809000
2024-09-03,93.18143463134766,100.29000091552734,102.30999755859375,99.54000091552734,101.04000091552734,947200
2024-09-04,92.20585632324219,99.23999786376953,101.4000015258789,99.1500015258789,100.25,747400
2024-09-05,91.06304931640625,98.01000213623047,99.38999938964844,97.63999938964844,99.38999938964844,796700
2024-09-06,90.28257751464844,97.16999816894531,98.87000274658203,96.54000091552734,97.66999816894531,1593500
2024-09-09,91.06304931640625,98.01000213623047,98.94000244140625,97.37000274658203,97.47000122070312,1274400
2024-09-10,91.23028564453125,98.19000244140625,98.26000213623047,96.93000030517578,98.26000213623047,548400
2024-09-11,91.91783142089844,98.93000030517578,99.0199966430664,96.05000305175781,98.19000244140625,799200
2024-09-12,92.55892944335938,99.62000274658203,99.76000213623047,97.62999725341797,98.80000305175781,847600
2024-09-13,95.79225158691406,103.0999984741211,103.18000030517578,100.44999694824219,100.44999694824219,1049300
2024-09-16,98.68597412109375,105.37999725341797,105.87999725341797,102.83999633789062,102.83999633789062,1170000
2024-09-17,99.20103454589844,105.93000030517578,107.11000061035156,105.4000015258789,105.91000366210938,1041600
2024-09-18,99.62245178222656,106.37999725341797,108.04000091552734,105.62999725341797,106.04000091552734,903100
2024-09-19,101.3830337524414,108.26000213623047,108.80999755859375,107.08000183105469,108.72000122070312,1053500
2024-09-20,99.85655975341797,106.62999725341797,107.33999633789062,105.81999969482422,107.33999633789062,1442400
2024-09-23,101.14891052246094,108.01000213623047,108.13999938964844,106.7699966430664,107.3499984741211,884100
2024-09-24,103.55565643310547,110.58000183105469,111.12000274658203,108.76000213623047,108.77999877929688,1660000
2024-09-25,103.32154083251953,110.33000183105469,111.43000030517578,109.8499984741211,111.43000030517578,600900
2024-09-26,106.54301452636719,113.7699966430664,114.16000366210938,111.86000061035156,111.93000030517578,878200
2024-09-27,105.24131774902344,112.37999725341797,114.5,112.08999633789062,114.23999786376953,836000
2024-09-30,104.838623046875,111.94999694824219,113.02999877929688,110.9000015258789,112.30000305175781,729500
2024-10-01,103.60248565673828,110.62999725341797,112.01000213623047,110.0,112.01000213623047,877900
2024-10-02,103.1529769897461,110.1500015258789,110.87000274658203,109.69999694824219,110.36000061035156,537400
2024-10-03,101.0739974975586,107.93000030517578,109.69000244140625,107.47000122070312,109.47000122070312,1004800
2024-10-04,102.07601928710938,109.0,109.8499984741211,107.94999694824219,109.41000366210938,764000
2024-10-07,102.32886505126953,109.2699966430664,109.43000030517578,107.80000305175781,108.58999633789062,820300
2024-10-08,101.39238739013672,108.2699966430664,108.93000030517578,106.9000015258789,108.2699966430664,1071500
2024-10-09,102.75028228759766,109.72000122070312,110.12000274658203,107.83000183105469,108.37999725341797,567700
2024-10-10,103.11551666259766,110.11000061035156,110.7699966430664,109.08999633789062,109.72000122070312,495300
2024-10-11,103.54629516601562,110.56999969482422,111.25,110.41999816894531,110.41999816894531,523500
2024-10-14,103.3964614868164,110.41000366210938,110.75,109.30999755859375,109.87999725341797,873600
2024-10-15,103.31217193603516,110.31999969482422,111.79000091552734,109.68000030517578,110.38999938964844,934600
2024-10-16,101.81380462646484,108.72000122070312,110.87999725341797,108.47000122070312,108.87000274658203,952100
2024-10-17,102.4974365234375,109.44999694824219,109.52999877929688,107.9800033569336,109.33000183105469,610600
2024-10-18,101.92617797851562,108.83999633789062,110.05000305175781,108.18000030517578,110.0,872400
2024-10-21,100.97098541259766,107.81999969482422,108.97000122070312,106.9800033569336,108.68000030517578,513800
2024-10-22,100.25924682617188,107.05999755859375,107.77999877929688,106.44999694824219,107.45999908447266,848900
2024-10-23,100.18434143066406,106.9800033569336,107.54000091552734,105.81999969482422,106.5,745700
2024-10-24,99.94084930419922,106.72000122070312,108.02999877929688,106.02999877929688,107.7300033569336,637900
2024-10-25,98.73279571533203,105.43000030517578,107.0199966430664,105.23999786376953,106.8499984741211,603300
2024-10-28,99.92212677001953,106.69999694824219,106.86000061035156,105.69000244140625,106.33999633789062,692400
2024-10-29,98.18026733398438,104.83999633789062,106.33000183105469,104.68000030517578,105.5999984741211,634800
2024-10-30,98.32073974609375,104.98999786376953,106.9000015258789,104.83999633789062,105.31999969482422,693200
2024-10-31,98.41439819335938,105.08999633789062,105.79000091552734,104.37999725341797,104.94000244140625,1318200
2024-11-01,94.65912628173828,101.08000183105469,104.54000091552734,100.0,102.0,1789400
2024-11-04,93.69456481933594,100.05000305175781,102.38999938964844,99.93000030517578,101.87000274658203,1196600
2024-11-05,94.47181701660156,100.87999725341797,100.91999816894531,98.16999816894531,99.08000183105469,1127700
2024-11-06,97.0939712524414,103.68000030517578,105.02999877929688,102.48999786376953,105.0,1751800
2024-11-07,96.96285247802734,103.54000091552734,104.80999755859375,103.02999877929688,103.63999938964844,1527600
2024-11-08,95.02435302734375,101.47000122070312,102.94000244140625,101.16000366210938,102.5999984741211,1116500
2024-11-11,95.86717987060547,102.37000274658203,103.08999633789062,100.91999816894531,101.66999816894531,1108100
2024-11-12,94.10660552978516,100.48999786376953,102.33999633789062,100.33000183105469,101.55000305175781,1023500
2024-11-13,94.36882019042969,100.7699966430664,102.13999938964844,100.51000213623047,100.5999984741211,832400
2024-11-14,94.35008239746094,100.75,101.41000366210938,100.11000061035156,100.76000213623047,1026600
2024-11-15,95.15546417236328,101.61000061035156,102.05999755859375,100.80000305175781,101.01000213623047,990000
2024-11-18,97.40299224853516,104.01000213623047,104.11000061035156,102.51000213623047,102.62999725341797,1180600
2024-11-19,94.89325714111328,101.33000183105469,103.18000030517578,101.19000244140625,102.66999816894531,851800
2024-11-20,94.93070983886719,101.37000274658203,101.55999755859375,100.55999755859375,101.16000366210938,1788200
2024-11-21,97.01904296875,103.5999984741211,103.72000122070312,100.52999877929688,101.3499984741211,1249400
2024-11-22,98.88262939453125,105.58999633789062,105.83999633789062,103.69999694824219,103.79000091552734,1009600
2024-11-25,99.11675262451172,105.83999633789062,107.5,105.72000122070312,106.33000183105469,1092800
2024-11-26,98.30201721191406,104.97000122070312,106.19999694824219,104.3499984741211,105.83999633789062,991100
2024-11-27,97.6090316772461,104.2300033569336,106.13999938964844,103.81999969482422,104.70999908447266,716800
2024-11-29,98.0678939819336,104.72000122070312,105.04000091552734,103.48999786376953,103.80000305175781,498700
2024-12-02,97.64647674560547,104.2699966430664,105.22000122070312,103.4000015258789,104.87999725341797,835200
2024-12-03,96.40097045898438,102.94000244140625,104.87999725341797,102.69999694824219,104.87999725341797,844500
2024-12-04,95.4645004272461,101.94000244140625,102.66000366210938,100.81999969482422,102.18000030517578,1314700
2024-12-05,95.06179809570312,101.51000213623047,102.70999908447266,101.05999755859375,101.80999755859375,1295700
2024-12-06,94.64974975585938,101.06999969482422,102.58000183105469,100.55000305175781,102.4800033569336,1309200
2024-12-09,93.72264862060547,100.08000183105469,102.54000091552734,99.93000030517578,102.08999633789062,1268800
2024-12-10,93.01091766357422,99.31999969482422,100.44999694824219,98.18000030517578,99.91999816894531,1394900
2024-12-11,93.02027893066406,99.33000183105469,100.12000274658203,98.86000061035156,99.5999984741211,1496800
2024-12-12,93.40424346923828,99.73999786376953,100.43000030517578,99.04000091552734,99.19999694824219,1412200
2024-12-13,92.2430191040039,98.5,99.30999755859375,97.91000366210938,98.9800033569336,1430800
2024-12-16,91.1002426147461,96.45999908447266,97.83000183105469,96.25,97.0999984741211,1141600
2024-12-17,90.05191802978516,95.3499984741211,97.27999877929688,94.98999786376953,95.7699966430664,1401900
2024-12-18,85.89639282226562,90.94999694824219,95.62000274658203,90.86000061035156,94.79000091552734,1284400
2024-12-19,85.02751159667969,90.02999877929688,92.2699966430664,90.0,91.22000122070312,1156400
2024-12-20,86.6613998413086,91.76000213623047,92.16999816894531,88.87999725341797,89.33000183105469,2504100
2024-12-23,86.14195251464844,91.20999908447266,92.12000274658203,90.27999877929688,91.33000183105469,1175500
2024-12-24,86.48194885253906,91.56999969482422,91.72000122070312,90.81999969482422,91.12999725341797,309200
2024-12-26,86.42528533935547,91.51000213623047,91.91000366210938,90.91999816894531,91.01000213623047,695100
2024-12-27,86.64250946044922,91.73999786376953,92.69999694824219,91.22000122070312,91.2699966430664,1104100
2024-12-30,85.76417541503906,90.80999755859375,91.68000030517578,90.0999984741211,91.13999938964844,1033600
2024-12-31,86.24584197998047,91.31999969482422,92.3499984741211,90.69000244140625,91.02999877929688,973600
2025-01-02,83.6014175415039,88.5199966430664,91.66000366210938,88.0999984741211,91.12999725341797,1094500
2025-01-03,83.74308013916016,88.66999816894531,89.08000183105469,87.88999938964844,88.47000122070312,1221000
2025-01-06,83.72419738769531,88.6500015258789,90.19000244140625,88.43000030517578,89.62000274658203,998800
2025-01-07,83.56365203857422,88.4800033569336,90.16000366210938,87.80000305175781,88.48999786376953,1268800
2025-01-08,83.28031158447266,88.18000030517578,88.68000030517578,86.91000366210938,87.93000030517578,821900
2025-01-10,82.3925552368164,87.23999786376953,88.30999755859375,86.69999694824219,87.13999938964844,1176200
2025-01-13,84.1680908203125,89.12000274658203,89.1500015258789,87.0999984741211,87.23999786376953,1123900
2025-01-14,86.85972595214844,91.97000122070312,92.19000244140625,89.9000015258789,90.1500015258789,1036500
2025-01-15,86.88805389404297,92.0,94.22000122070312,91.05999755859375,93.88999938964844,1419800
2025-01-16,86.64250946044922,91.73999786376953,92.13999938964844,90.77999877929688,92.0,746000
2025-01-17,88.03081512451172,93.20999908447266,94.12999725341797,92.05000305175781,92.30000305175781,948400
2025-01-21,89.13581848144531,94.37999725341797,94.8499984741211,93.05000305175781,93.5199966430664,974900
2025-01-22,87.05805969238281,92.18000030517578,94.29000091552734,91.95999908447266,94.05999755859375,955800
2025-01-23,87.95526885986328,93.12999725341797,93.44999694824219,91.76000213623047,92.12000274658203,1033900
2025-01-24,87.01082611083984,92.12999725341797,93.5199966430664,91.87999725341797,93.13999938964844,883000
2025-01-27,88.21971893310547,93.41000366210938,93.52999877929688,91.77999877929688,92.73999786376953,1248300
2025-01-28,87.52083587646484,92.66999816894531,94.43000030517578,92.05999755859375,93.5199966430664,862900
2025-01-29,87.54916381835938,92.69999694824219,93.51000213623047,92.29000091552734,92.33999633789062,635000
2025-01-30,87.52083587646484,92.66999816894531,92.66999816894531,90.75,92.55000305175781,1381800
2025-01-31,94.11299133300781,99.6500015258789,101.44000244140625,97.3499984741211,100.93000030517578,2852300
2025-02-03,95.18964385986328,100.79000091552734,102.22000122070312,96.54000091552734,97.6500015258789,2240700
2025-02-04,96.13408660888672,101.79000091552734,102.93000030517578,101.54000091552734,102.31999969482422,1624100
2025-02-05,96.13408660888672,101.79000091552734,102.83999633789062,100.83000183105469,101.3499984741211,1223200
2025-02-06,95.63353729248047,101.26000213623047,102.41000366210938,100.41000366210938,102.0,982500
2025-02-07,93.70687866210938,99.22000122070312,101.01000213623047,99.16000366210938,101.01000213623047,915500
2025-02-10,93.55577850341797,99.05999755859375,99.86000061035156,98.62999725341797,99.86000061035156,942400
2025-02-11,95.15187072753906,100.75,101.0,99.23999786376953,99.23999786376953,949000
2025-02-12,95.65242767333984,101.27999877929688,102.12999725341797,99.37999725341797,99.54000091552734,1267400
2025-02-13,95.93575286865234,101.58000183105469,102.16000366210938,100.94999694824219,101.72000122070312,744400
2025-02-14,95.39742279052734,101.01000213623047,102.48999786376953,100.94999694824219,102.06999969482422,829300
2025-02-18,97.72073364257812,103.47000122070312,103.81999969482422,100.87999725341797,101.1500015258789,1123500
2025-02-19,95.63353729248047,101.26000213623047,102.91000366210938,100.83999633789062,101.43000030517578,976200
2025-02-20,94.9724349975586,100.55999755859375,101.80999755859375,99.87999725341797,101.18000030517578,678900
2025-02-21,93.23467254638672,98.72000122070312,101.0,98.5999984741211,101.0,727000
2025-02-24,92.77189636230469,98.2300033569336,99.19000244140625,97.7300033569336,98.86000061035156,798100
2025-02-25,93.43299865722656,98.93000030517578,100.13999938964844,98.05000305175781,98.73999786376953,762400
2025-02-26,92.73411560058594,98.19000244140625,100.30000305175781,98.01000213623047,99.6500015258789,858100
2025-02-27,91.51580047607422,96.9000015258789,98.19000244140625,96.7699966430664,97.58000183105469,803500
2025-02-28,92.41300964355469,97.8499984741211,98.55000305175781,96.94999694824219,97.05999755859375,866500
2025-03-03,89.21137237548828,94.45999908447266,99.19000244140625,94.08999633789062,98.51000213623047,1054100
2025-03-04,87.93638610839844,93.11000061035156,94.44000244140625,92.18000030517578,93.88999938964844,1129600
2025-03-05,92.29967498779297,97.7300033569336,98.22000122070312,93.61000061035156,93.61000061035156,1170700
2025-03-06,91.55357360839844,96.94000244140625,98.06999969482422,96.1500015258789,97.5,961500
2025-03-07,93.30078125,98.79000091552734,99.19000244140625,96.06999969482422,96.3499984741211,870500
2025-03-10,91.65745544433594,97.05000305175781,99.88999938964844,96.19000244140625,97.8499984741211,800900
2025-03-11,89.27747344970703,94.52999877929688,97.08000183105469,93.19999694824219,97.08000183105469,1250300
2025-03-12,87.27528381347656,92.41000366210938,95.70999908447266,92.33000183105469,95.01000213623047,1095800
2025-03-13,85.50919342041016,90.54000091552734,94.11000061035156,89.61000061035156,92.41000366210938,1106600
2025-03-14,86.81503295898438,91.08000183105469,92.05999755859375,90.26000213623047,91.41000366210938,921500
2025-03-17,86.89128875732422,91.16000366210938,91.66999816894531,89.68000030517578,89.68000030517578,1133300
2025-03-18,86.99613189697266,91.2699966430664,91.87999725341797,90.33000183105469,90.98999786376953,875300
2025-03-19,87.10098266601562,91.37999725341797,92.19000244140625,90.76000213623047,91.16999816894531,1006600
2025-03-20,85.67121887207031,89.87999725341797,91.2699966430664,89.5,90.31999969482422,998100
2025-03-21,84.53694915771484,88.69000244140625,89.37999725341797,87.41999816894531,88.66999816894531,2389900
2025-03-24,85.87138366699219,90.08999633789062,90.62999725341797,88.56999969482422,89.3499984741211,1291500
2025-03-25,85.15650177001953,89.33999633789062,90.94999694824219,89.05999755859375,90.25,1437900
2025-03-26,85.35668182373047,89.55000305175781,90.30999755859375,89.0,89.7300033569336,865400
2025-03-27,84.75617218017578,88.91999816894531,89.55000305175781,87.77999877929688,89.01000213623047,1169800
2025-03-28,82.97373962402344,87.05000305175781,89.27999877929688,86.5,89.27999877929688,880800
2025-03-31,83.9841079711914,88.11000061035156,88.55999755859375,85.83999633789062,86.5,1345300
2025-04-01,83.95552062988281,88.08000183105469,88.52999877929688,87.13999938964844,87.98999786376953,1097400
2025-04-02,84.15567016601562,88.29000091552734,88.7300033569336,86.77999877929688,87.19000244140625,758600
2025-04-03,76.23480987548828,79.9800033569336,85.61000061035156,79.81999969482422,85.61000061035156,1555400
2025-04-04,71.99317932128906,75.52999877929688,78.29000091552734,73.77999877929688,77.93000030517578,2507600
2025-04-07,70.20121765136719,73.6500015258789,78.27999877929688,70.91000366210938,73.33999633789062,2327200
2025-04-08,69.29570007324219,72.69999694824219,76.61000061035156,70.9000015258789,76.29000091552734,3852800
2025-04-09,77.66456604003906,81.4800033569336,82.0199966430664,71.30999755859375,71.5999984741211,3161300
2025-04-10,72.47930145263672,76.04000091552734,79.52999877929688,73.37000274658203,78.9800033569336,2127000
2025-04-11,74.6811294555664,78.3499984741211,78.81999969482422,74.62999725341797,76.1500015258789,2057200
2025-04-14,75.65337371826172,79.37000274658203,80.4800033569336,78.36000061035156,80.36000061035156,1191600
2025-04-15,74.04251098632812,77.68000030517578,79.33000183105469,76.87999725341797,79.0,2168800
2025-04-16,73.19418334960938,76.79000091552734,78.80999755859375,75.94000244140625,77.8499984741211,940100
2025-04-17,73.16558837890625,76.76000213623047,78.0999984741211,76.48999786376953,77.18000030517578,1629800
2025-04-21,73.337158203125,76.94000244140625,77.05999755859375,75.45999908447266,76.16000366210938,1199500
2025-04-22,75.57711791992188,79.29000091552734,79.37999725341797,77.70999908447266,78.11000061035156,1861600
2025-04-23,75.14818572998047,78.83999633789062,82.98999786376953,78.30000305175781,81.7699966430664,1510500
2025-04-24,77.03546905517578,80.81999969482422,81.0999984741211,78.45999908447266,79.08000183105469,1806600
2025-04-25,72.28866577148438,75.83999633789062,78.47000122070312,75.33000183105469,77.13999938964844,2158800
2025-04-28,72.16475677490234,75.70999908447266,77.11000061035156,74.80000305175781,75.62000274658203,1800500
2025-04-29,72.66993713378906,76.23999786376953,76.72000122070312,74.87000274658203,75.27999877929688,1643700
2025-04-30,73.39434814453125,77.0,77.20999908447266,74.81999969482422,75.05000305175781,1488400
2025-05-01,72.65087890625,76.22000122070312,77.62000274658203,76.13999938964844,77.0999984741211,1341700
2025-05-02,74.27127075195312,77.91999816894531,78.58999633789062,76.6500015258789,77.7300033569336,1546200
2025-05-05,72.65087890625,76.22000122070312,77.94999694824219,76.11000061035156,77.18000030517578,1187500
2025-05-06,72.52696228027344,76.08999633789062,77.01000213623047,75.76000213623047,75.79000091552734,967000
2025-05-07,71.74535369873047,75.2699966430664,76.22000122070312,74.86000061035156,75.91000366210938,1561500
2025-05-08,73.82327270507812,77.44999694824219,78.55999755859375,75.87000274658203,76.3499984741211,1556800
2025-05-09,73.87094116210938,77.5,78.66000366210938,77.25,77.9000015258789,1198100
2025-05-12,78.89415740966797,82.7699966430664,84.18000030517578,81.11000061035156,81.69999694824219,1887100
2025-05-13,78.53195190429688,82.38999938964844,83.61000061035156,82.26000213623047,82.69000244140625,2018700
2025-05-14,77.02593994140625,80.80999755859375,82.05999755859375,80.12999725341797,81.63999938964844,1576000
2025-05-15,77.4453353881836,81.25,81.41999816894531,79.55999755859375,79.95999908447266,1582600
2025-05-16,78.71305847167969,82.58000183105469,82.5999984741211,80.52999877929688,81.02999877929688,1162700
2025-05-19,78.31272888183594,82.16000366210938,82.19999694824219,80.56999969482422,80.87999725341797,1412300
2025-05-20,78.49382781982422,82.3499984741211,82.70999908447266,81.87999725341797,82.41000366210938,1021800
2025-05-21,77.66456604003906,81.4800033569336,82.38999938964844,80.55000305175781,81.38999938964844,1255400
2025-05-22,77.55018615722656,81.36000061035156,81.87000274658203,80.4000015258789,81.23999786376953,1200900
2025-05-23,76.76858520507812,80.54000091552734,80.79000091552734,79.54000091552734,80.04000091552734,1056500
2025-05-27,78.60821533203125,82.47000122070312,82.83000183105469,81.16000366210938,81.76000213623047,1872600
2025-05-28,77.17845916748047,80.97000122070312,82.77999877929688,80.70999908447266,82.66000366210938,1838900
2025-05-29,77.68362426757812,81.5,81.87999725341797,80.61000061035156,81.80999755859375,1406800
2025-05-30,74.7001953125,78.37000274658203,81.3499984741211,77.66999816894531,81.0,9704200
2025-06-02,74.92896270751953,78.61000061035156,78.87999725341797,77.19999694824219,78.30000305175781,3095900
2025-06-03,76.69232177734375,80.45999908447266,81.19000244140625,77.41999816894531,78.66999816894531,2261200
2025-06-04,77.04500579833984,80.83000183105469,81.05999755859375,80.12000274658203,80.51000213623047,1590200
2025-06-05,74.67159271240234,78.33999633789062,81.56999969482422,77.9800033569336,81.20999908447266,2529700
2025-06-06,75.1386489868164,78.83000183105469,79.6500015258789,78.16999816894531,79.29000091552734,1941900
2025-06-09,76.2061996459961,79.94999694824219,80.95999908447266,78.76000213623047,80.01000213623047,1606900
2025-06-10,77.46440124511719,81.2699966430664,81.72000122070312,80.13999938964844,80.41999816894531,1417600
2025-06-11,76.2919921875,80.04000091552734,81.79000091552734,79.77999877929688,81.56999969482422,1327900
2025-06-12,75.2530288696289,78.94999694824219,79.69000244140625,78.51000213623047,79.20999908447266,1460500
2025-06-13,73.39387512207031,76.19000244140625,78.44999694824219,76.01000213623047,77.04000091552734,1688100
2025-06-16,74.2126693725586,77.04000091552734,77.6500015258789,76.05000305175781,77.4800033569336,1596900
2025-06-17,72.41130065917969,75.16999816894531,76.72000122070312,75.1500015258789,76.48999786376953,1439800
2025-06-18,71.96817779541016,74.70999908447266,75.87999725341797,74.52999877929688,75.0,1363800
2025-06-20,71.52507019042969,74.25,75.12999725341797,73.75,75.06999969482422,3269500
2025-06-23,72.25717163085938,75.01000213623047,75.1500015258789,72.97000122070312,73.6500015258789,1659000
2025-06-24,73.6539535522461,76.45999908447266,77.33999633789062,75.61000061035156,75.72000122070312,1707600
2025-06-25,73.08561706542969,75.87000274658203,76.3499984741211,75.58999633789062,76.18000030517578,1274400
2025-06-26,73.35533905029297,76.1500015258789,77.04000091552734,75.98999786376953,76.69999694824219,1482400
2025-06-27,73.41313934326172,76.20999908447266,78.37000274658203,75.20999908447266,76.58999633789062,4120700
2025-06-30,71.92001342773438,74.66000366210938,76.12999725341797,74.58000183105469,75.61000061035156,4142400
2025-07-01,75.33009338378906,78.19999694824219,79.27999877929688,74.47000122070312,74.62999725341797,3271600
2025-07-02,76.98697662353516,79.91999816894531,79.94999694824219,77.94000244140625,79.11000061035156,2439900
2025-07-03,76.64982604980469,79.56999969482422,80.25,79.25,79.63999938964844,798000
2025-07-07,75.38789367675781,78.26000213623047,79.73999786376953,77.56999969482422,79.0,1378300
2025-07-08,77.47826385498047,80.43000030517578,81.44000244140625,78.37000274658203,78.69000244140625,1713800
2025-07-09,77.33377075195312,80.27999877929688,81.94000244140625,79.54000091552734,81.01000213623047,1185500
2025-07-10,78.56678771972656,81.55999755859375,82.37999725341797,79.95999908447266,80.48999786376953,1469100
2025-07-11,77.31450653076172,80.26000213623047,80.68000030517578,79.62999725341797,80.26000213623047,818500
2025-07-14,76.0429458618164,78.94000244140625,79.91000366210938,78.30999755859375,79.6500015258789,850100
2025-07-15,74.29936981201172,77.12999725341797,79.55000305175781,77.08999633789062,79.5199966430664,1150900
2025-07-16,74.70396423339844,77.55000305175781,77.77999877929688,76.22000122070312,77.01000213623047,1032900
2025-07-17,75.33972930908203,78.20999908447266,78.55999755859375,77.37000274658203,77.94000244140625,799800
2025-07-18,74.89662170410156,77.75,78.73999786376953,77.13999938964844,78.73999786376953,910400
2025-07-21,74.63652801513672,77.4800033569336,78.69000244140625,77.25,78.5,1086900
2025-07-22,76.16817474365234,79.06999969482422,79.18000030517578,77.19999694824219,77.19999694824219,1668600
2025-07-23,76.803955078125,79.7300033569336,80.52999877929688,79.44000244140625,80.16000366210938,778700
2025-07-24,74.49203491210938,77.33000183105469,79.0,76.62999725341797,78.62000274658203,1670900
2025-07-25,75.4360580444336,78.30999755859375,78.37999725341797,76.75,77.52999877929688,1801000
2025-07-28,73.89478302001953,76.70999908447266,78.52999877929688,76.52999877929688,78.0,969200
2025-07-29,73.01818084716797,75.80000305175781,76.75,75.5999984741211,76.70999908447266,955600
2025-07-30,70.73516082763672,73.43000030517578,75.69000244140625,73.0999984741211,75.25,1442100
2025-07-31,69.94525909423828,72.61000061035156,73.37000274658203,72.06999969482422,72.7300033569336,4442100
2025-08-01,56.63243865966797,58.790000915527344,63.79999923706055,56.779998779296875,63.77000045776367,7421600
2025-08-04,58.549407958984375,60.779998779296875,61.630001068115234,59.0,59.7400016784668,4178300
2025-08-05,59.137020111083984,61.38999938964844,62.439998626708984,60.7599983215332,61.619998931884766,2356600
2025-08-06,58.684268951416016,60.91999816894531,62.029998779296875,60.900001525878906,61.630001068115234,1617200
2025-08-07,59.02142333984375,61.27000045776367,62.43000030517578,60.7599983215332,61.939998626708984,1566000
2025-08-08,59.358577728271484,61.619998931884766,62.0,61.0,61.540000915527344,1246600
2025-08-11,58.828765869140625,61.06999969482422,62.599998474121094,60.720001220703125,61.72999954223633,1616500
2025-08-12,61.0925178527832,63.41999816894531,64.02999877929688,61.61000061035156,61.61000061035156,2029400
2025-08-13,64.10765838623047,66.55000305175781,66.68000030517578,63.34000015258789,63.34000015258789,2047400
2025-08-14,63.963157653808594,66.4000015258789,66.55999755859375,64.73999786376953,65.45999908447266,1613900
2025-08-15,63.15398025512695,65.55999755859375,67.4000015258789,65.3499984741211,66.80000305175781,1414100
2025-08-18,63.346649169921875,65.76000213623047,66.1500015258789,65.26000213623047,65.41000366210938,1200400
2025-08-19,64.26177978515625,66.70999908447266,67.3499984741211,66.0,66.05000305175781,1090900
2025-08-20,64.17508697509766,66.62000274658203,67.4000015258789,66.18000030517578,66.55000305175781,990700
2025-08-21,63.587467193603516,66.01000213623047,66.7300033569336,65.62999725341797,66.0999984741211,931300
2025-08-22,66.89158630371094,69.44000244140625,69.81999969482422,66.36000061035156,66.61000061035156,1397300
2025-08-25,65.94755554199219,68.45999908447266,69.38999938964844,68.01000213623047,69.05000305175781,1105200
2025-08-26,65.78379821777344,68.29000091552734,68.56999969482422,67.91999816894531,68.30999755859375,1252700
2025-08-27,66.30398559570312,68.83000183105469,69.41000366210938,67.80000305175781,67.88999938964844,1028800
2025-08-28,65.67782592773438,68.18000030517578,69.25,67.38999938964844,69.08999633789062,1269300
2025-08-29,67.75855255126953,70.33999633789062,70.62999725341797,69.4800033569336,70.43000030517578,1777500
2025-09-02,66.872314453125,69.41999816894531,69.69999694824219,68.41000366210938,69.26000213623047,1358800
2025-09-03,65.09022521972656,67.56999969482422,69.61000061035156,67.44000244140625,68.80000305175781,1205800
2025-09-04,66.08241271972656,68.5999984741211,68.62000274658203,66.66000366210938,67.43000030517578,786900
2025-09-05,66.5255355834961,69.05999755859375,70.4000015258789,68.30000305175781,69.01000213623047,1172200
2025-09-08,66.37140655517578,68.9000015258789,69.19000244140625,66.94000244140625,69.19000244140625,1788600
2025-09-09,65.1191177368164,67.5999984741211,69.0199966430664,66.94000244140625,68.5199966430664,1816200
2025-09-10,62.66270065307617,65.05000305175781,67.75,64.51000213623047,66.7300033569336,2361000
2025-09-11,65.43700408935547,67.93000030517578,68.18000030517578,65.0,65.01000213623047,1969700
2025-09-12,64.69526672363281,67.16000366210938,67.7300033569336,66.75,67.41000366210938,1631100
2025-09-15,63.54434585571289,65.1500015258789,66.94000244140625,64.9000015258789,66.7300033569336,1143100
2025-09-16,64.36363983154297,65.98999786376953,66.58999633789062,65.38999938964844,65.73999786376953,1084900
2025-09-17,64.36363983154297,65.98999786376953,68.4000015258789,65.41999816894531,66.1500015258789,1235200
2025-09-18,64.82205963134766,66.45999908447266,67.37999725341797,65.80999755859375,66.68000030517578,1591700
2025-09-19,63.505332946777344,65.11000061035156,66.98999786376953,64.80000305175781,66.54000091552734,3138100
2025-09-22,62.764060974121094,64.3499984741211,65.0199966430664,63.91999816894531,64.80000305175781,1944000
2025-09-23,62.686031341552734,64.2699966430664,65.72000122070312,64.16999816894531,64.80000305175781,1271300
2025-09-24,62.25687789916992,63.83000183105469,65.0,63.75,64.55000305175781,866000
2025-09-25,59.79898452758789,61.310001373291016,63.869998931884766,61.2599983215332,63.38999938964844,1505300
2025-09-26,61.16447830200195,62.709999084472656,63.04999923706055,61.61000061035156,61.79999923706055,1382300
2025-09-29,61.11571502685547,62.65999984741211,63.77000045776367,62.2599983215332,63.22999954223633,1412200
2025-09-30,61.496097564697266,63.04999923706055,63.08000183105469,61.81999969482422,62.31999969482422,1449200
2025-10-01,60.43296432495117,61.959999084472656,62.880001068115234,61.47999954223633,62.15999984741211,2020400
2025-10-02,62.783573150634766,64.37000274658203,64.48999786376953,62.02000045776367,62.20000076293945,1648600
2025-10-03,62.45194625854492,64.02999877929688,64.94000244140625,63.54999923706055,64.2300033569336,1453000
2025-10-06,62.14958953857422,63.720001220703125,64.55999755859375,63.43000030517578,64.16000366210938,1366700
2025-10-07,60.813350677490234,62.349998474121094,64.22000122070312,61.900001525878906,63.88999938964844,1347200
2025-10-08,60.8036003112793,62.34000015258789,62.779998779296875,61.77000045776367,62.560001373291016,981000
2025-10-09,59.535640716552734,61.040000915527344,62.849998474121094,60.83000183105469,62.779998779296875,888100
2025-10-10,56.76563262939453,58.20000076293945,61.470001220703125,57.939998626708984,61.41999816894531,1724000
2025-10-13,58.579795837402344,60.060001373291016,60.5099983215332,59.0,59.7400016784668,1521000
2025-10-14,59.0479621887207,60.540000915527344,60.959999084472656,58.349998474121094,58.849998474121094,1464300
2025-10-15,59.17475891113281,60.66999816894531,61.47999954223633,60.16999816894531,60.91999816894531,884400
2025-10-16,58.677330017089844,60.15999984741211,61.41999816894531,59.459999084472656,61.18000030517578,1425800
2025-10-17,59.76972198486328,61.279998779296875,61.43000030517578,60.22999954223633,60.310001373291016,1235700
2025-10-20,60.023319244384766,61.540000915527344,62.5,61.31999969482422,61.58000183105469,1360100
2025-10-21,60.6182861328125,62.150001525878906,62.560001373291016,61.0,61.36000061035156,1481100
2025-10-22,59.69169616699219,61.20000076293945,62.22999954223633,61.0,61.83000183105469,1111900
2025-10-23,61.52536392211914,63.08000183105469,63.93000030517578,62.29999923706055,62.29999923706055,1875300
2025-10-24,61.154727935791016,62.70000076293945,63.650001525878906,62.59000015258789,63.59000015258789,1259600
2025-10-27,62.208106994628906,63.779998779296875,64.16999816894531,63.02000045776367,63.189998626708984,1919300
2025-10-28,61.7984619140625,63.36000061035156,63.9900016784668,62.709999084472656,63.5,2008000
2025-10-29,59.57465744018555,61.08000183105469,63.2599983215332,60.79999923706055,62.90999984741211,1970500
2025-10-30,58.248172760009766,59.720001220703125,60.47999954223633,59.150001525878906,60.0,2385900
2025-10-31,58.0531005859375,59.52000045776367,59.900001525878906,58.70000076293945,59.380001068115234,3580200
2025-11-03,56.46327209472656,57.88999938964844,59.5,57.540000915527344,59.119998931884766,29976900
2025-11-04,59.24303436279297,60.7400016784668,61.54999923706055,56.75,58.869998931884766,5374600
2025-11-05,59.584407806396484,61.09000015258789,61.91999816894531,60.13999938964844,60.630001068115234,2783600
2025-11-06,58.170143127441406,59.63999938964844,61.77000045776367,59.380001068115234,61.77000045776367,2492600
2025-11-07,59.74046325683594,61.25,61.45000076293945,59.529998779296875,59.65999984741211,2282000
2025-11-10,60.0135612487793,61.529998779296875,61.77000045776367,60.2599983215332,61.5,1893800
2025-11-11,59.42835235595703,60.93000030517578,61.90999984741211,60.86000061035156,61.54999923706055,1549900
2025-11-12,59.4380989074707,60.939998626708984,61.68000030517578,60.709999084472656,61.0,1201800
2025-11-13,61.17423629760742,62.720001220703125,62.97999954223633,60.91999816894531,61.16999816894531,1602800
2025-11-14,58.76511001586914,60.25,62.040000915527344,60.0,61.4900016784668,1950500
2025-11-17,56.07313537597656,57.4900016784668,60.2599983215332,57.400001525878906,60.18000030517578,1970500
2025-11-18,56.09263610839844,57.5099983215332,58.060001373291016,56.720001220703125,57.29999923706055,1572600
2025-11-19,56.02436447143555,57.439998626708984,58.0,56.88999938964844,57.560001373291016,1205500
2025-11-20,54.98073196411133,56.369998931884766,58.099998474121094,56.11000061035156,58.08000183105469,1639700
2025-11-21,58.0628547668457,59.529998779296875,60.09000015258789,56.689998626708984,56.93000030517578,1588100
2025-11-24,57.282569885253906,58.72999954223633,59.560001373291016,58.400001525878906,59.560001373291016,1597300
2025-11-25,59.12599182128906,60.619998931884766,61.27000045776367,59.38999938964844,59.45000076293945,1815500
2025-11-26,59.74046325683594,61.25,61.7400016784668,60.369998931884766,60.369998931884766,1467500
2025-11-28,60.55000686645508,62.08000183105469,62.2599983215332,61.25,61.25,520100
2025-12-01,60.423213958740234,61.95000076293945,63.040000915527344,61.52000045776367,61.54999923706055,1692400
2025-12-02,59.486873626708984,60.9900016784668,62.599998474121094,58.79999923706055,62.15999984741211,2750900
2025-12-03,60.052574157714844,61.56999969482422,62.20000076293945,60.349998474121094,60.7400016784668,1797500
2025-12-04,59.16500473022461,60.65999984741211,61.810001373291016,60.290000915527344,61.66999816894531,1552000
2025-12-05,60.0135612487793,61.529998779296875,62.84000015258789,60.810001373291016,61.33000183105469,1657100
2025-12-08,58.921165466308594,60.40999984741211,61.529998779296875,60.20000076293945,61.529998779296875,1708300
2025-12-09,59.701446533203125,61.209999084472656,61.9900016784668,60.20000076293945,60.290000915527344,2096200
2025-12-10,63.359031677246094,64.95999908447266,65.08000183105469,61.09000015258789,61.25,2018500
2025-12-11,64.21733856201172,65.83999633789062,65.9800033569336,64.5,64.56999969482422,2138300
2025-12-12,63.51508712768555,65.12000274658203,66.0999984741211,64.75,65.83999633789062,2200500
2025-12-15,63.18901443481445,63.95000076293945,64.69000244140625,62.97999954223633,64.58000183105469,1966800
2025-12-16,62.89258575439453,63.650001525878906,64.62000274658203,63.400001525878906,63.79999923706055,2403900
2025-12-17,63.16925048828125,63.93000030517578,65.25,63.400001525878906,63.560001373291016,1792900
2025-12-18,63.386634826660156,64.1500015258789,64.94000244140625,63.709999084472656,63.79999923706055,1108200
2025-12-19,62.80365753173828,63.560001373291016,63.84000015258789,62.86000061035156,62.900001525878906,2608500
2025-12-22,62.51710510253906,63.27000045776367,64.20999908447266,63.0099983215332,63.9900016784668,1411600
2025-12-23,61.74638748168945,62.4900016784668,63.68000030517578,62.2599983215332,63.400001525878906,1059000
2025-12-24,62.11198425292969,62.86000061035156,62.9900016784668,62.41999816894531,62.4900016784668,403900
2025-12-26,62.764129638671875,63.52000045776367,63.59000015258789,62.58000183105469,62.79999923706055,731800
2025-12-29,62.96175003051758,63.720001220703125,64.0,63.029998779296875,63.529998779296875,940600
2025-12-30,63.56449508666992,64.33000183105469,64.44000244140625,63.47999954223633,63.56999969482422,838100
2025-12-31,63.07044219970703,63.83000183105469,64.58999633789062,63.56999969482422,63.959999084472656,1031900
2026-01-02,63.57436752319336,64.33999633789062,64.55000305175781,63.310001373291016,64.20999908447266,809400
2026-01-05,63.9794921875,64.75,65.75,64.08000183105469,64.08000183105469,1467800
2026-01-06,67.50701141357422,68.31999969482422,68.37999725341797,64.47000122070312,64.5199966430664,2609700
2026-01-07,65.4616470336914,66.25,68.5,65.83000183105469,68.16999816894531,1925700
2026-01-08,67.96154022216797,68.77999877929688,70.30999755859375,65.51000213623047,65.51000213623047,2318100
2026-01-09,67.94178009033203,68.76000213623047,68.94000244140625,67.55000305175781,68.61000061035156,1365400
2026-01-12,67.5860595703125,68.4000015258789,69.12000274658203,67.31999969482422,68.33999633789062,1280100
2026-01-13,67.2599868774414,68.06999969482422,69.16000366210938,67.31999969482422,68.45999908447266,1045000
2026-01-14,68.46546936035156,69.29000091552734,69.83000183105469,67.9800033569336,68.5,1587300
2026-01-15,69.394287109375,70.2300033569336,70.4000015258789,68.6500015258789,69.87999725341797,1230400
2026-01-16,67.85284423828125,68.66999816894531,69.19999694824219,68.06999969482422,69.01000213623047,1284700
2026-01-20,65.40235900878906,66.19000244140625,67.37999725341797,65.37000274658203,67.19999694824219,1986700
2026-01-21,67.48725128173828,68.30000305175781,68.47000122070312,66.5,67.22000122070312,1639800
2026-01-22,68.12950897216797,68.94999694824219,69.66999816894531,68.16999816894531,68.62000274658203,1390400
2026-01-23,67.89237213134766,68.70999908447266,69.30999755859375,68.1500015258789,68.33000183105469,1060400
2026-01-26,68.07022857666016,68.88999938964844,69.27999877929688,68.33000183105469,69.27999877929688,1442600
2026-01-27,68.09986877441406,68.91999816894531,69.55000305175781,68.30000305175781,68.87999725341797,1697900
2026-01-28,68.20856475830078,69.02999877929688,70.0,68.13999938964844,69.70999908447266,2323500
2026-01-29,68.16903686523438,68.98999786376953,70.69999694824219,67.51000213623047,69.72000122070312,2278200
2026-01-30,68.49510955810547,69.31999969482422,72.37999725341797,67.81999969482422,70.47000122070312,3977700
2026-02-02,70.62940979003906,71.4800033569336,72.26000213623047,68.38999938964844,68.98999786376953,2252900
2026-02-03,74.99681091308594,75.9000015258789,76.11000061035156,71.16000366210938,72.0,3762600
2026-02-04,77.55599212646484,78.48999786376953,79.30999755859375,76.22000122070312,76.69999694824219,3302600
2026-02-05,75.17467498779297,76.08000183105469,78.48999786376953,75.08000183105469,78.08999633789062,1897200
2026-02-06,76.50860595703125,77.43000030517578,78.0999984741211,76.38999938964844,76.5,1305000
2026-02-09,77.44729614257812,78.37999725341797,78.77999877929688,76.63999938964844,77.27999877929688,1663800
2026-02-10,79.63099670410156,80.58999633789062,81.81999969482422,78.36000061035156,78.4000015258789,2245900
2026-02-11,80.39183807373047,81.36000061035156,82.87999725341797,80.69000244140625,80.69000244140625,1530900
2026-02-12,78.86028289794922,79.80999755859375,83.47000122070312,79.2699966430664,81.2300033569336,1586900
2026-02-13,79.1270751953125,80.08000183105469,80.87000274658203,79.36000061035156,79.5199966430664,1453700
2026-02-17,78.16861724853516,79.11000061035156,80.3499984741211,78.61000061035156,80.29000091552734,1155400
2026-02-18,79.304931640625,80.26000213623047,81.13999938964844,79.45999908447266,79.7300033569336,1502200
2026-02-19,77.09158325195312,78.0199966430664,80.30000305175781,77.26000213623047,79.54000091552734,1558300
2026-02-20,78.21802520751953,79.16000366210938,79.79000091552734,76.91999816894531,77.7699966430664,1375600
2026-02-23,75.6588363647461,76.56999969482422,79.0999984741211,75.9000015258789,78.0199966430664,1324700
2026-02-24,76.2022933959961,77.12000274658203,77.9800033569336,76.4000015258789,76.83999633789062,1111600
2026-02-25,74.57192993164062,75.47000122070312,78.06999969482422,74.87999725341797,77.27999877929688,1257100
2026-02-26,74.32490539550781,75.22000122070312,76.98999786376953,74.08999633789062,76.0199966430664,1235300
2026-02-27,74.61145782470703,75.51000213623047,75.76000213623047,73.54000091552734,74.08999633789062,1231100
2026-03-02,74.38418579101562,75.27999877929688,76.0,71.58999633789062,74.08999633789062,1732800
2026-03-03,73.27751922607422,74.16000366210938,74.55000305175781,71.30999755859375,72.66000366210938,1618400
2026-03-04,72.57596588134766,73.44999694824219,75.18000030517578,73.12999725341797,75.18000030517578,1404000
2026-03-05,71.32108306884766,72.18000030517578,75.33999633789062,71.69000244140625,73.44999694824219,1526100
2026-03-06,69.49309539794922,70.33000183105469,71.54000091552734,69.19999694824219,70.8499984741211,1257300
2026-03-09,68.77178192138672,69.5999984741211,70.66999816894531,67.0,69.30000305175781,2370500
2026-03-10,68.39630126953125,69.22000122070312,70.86000061035156,69.0,70.05000305175781,1596500
2026-03-11,66.91415405273438,67.72000122070312,69.54000091552734,67.05999755859375,69.1500015258789,1562200
2026-03-12,69.74999237060547,70.58999633789062,70.77999877929688,66.36000061035156,67.66999816894531,3002600
2026-03-13,69.25,69.25,72.27999877929688,69.18000030517578,71.47000122070312,1626900
2026-03-16,69.56999969482422,69.56999969482422,70.98999786376953,69.51000213623047,69.5999984741211,1436500
2026-03-17,71.2699966430664,71.2699966430664,72.19000244140625,69.63999938964844,70.2699966430664,1397100
2026-03-18,68.91000366210938,68.91000366210938,71.69999694824219,68.8499984741211,71.0,2245100
2026-03-19,68.76000213623047,68.76000213623047,68.88999938964844,67.18000030517578,67.87999725341797,2083100
2026-03-20,65.33000183105469,65.33000183105469,69.16999816894531,64.58999633789062,68.86000061035156,5098200
2026-03-23,68.01000213623047,68.01000213623047,68.87999725341797,66.69999694824219,66.98999786376953,1384100
2026-03-24,69.94999694824219,69.94999694824219,70.69000244140625,67.11000061035156,67.27999877929688,723477
